0.17,0.0,0.985,0.0,1.0,0.0,-0.985,0.0,0.17,0.386814,0.0,0.570194,1
0.17,0.0,0.985,0.0,1.0,0.0,-0.985,0.0,0.17,0.38681401199875576,0.0,0.5701939893317042,1
0.17,0.0,0.985,0.0,1.0,0.0,-0.985,0.0,0.17,0.38681409580977205,0.0,0.570193914813918,1
0.17,0.0,0.985,0.0,1.0,0.0,-0.985,0.0,0.17,0.38681432275016536,0.0,0.5701937130373921,1
0.17,0.0,0.985,0.0,1.0,0.0,-0.985,0.0,0.17,0.38681476359812755,0.0,0.570193321072044,1
0.17,0.0,0.985,0.0,1.0,0.0,-0.985,0.0,0.17,0.38681548859428205,0.0,0.5701926764657526,1
0.17,0.0,0.985,0.0,1.0,0.0,-0.985,0.0,0.17,0.38681656744303894,0.0,0.5701917172431528,1
0.17,0.0,0.985,0.0,1.0,0.0,-0.985,0.0,0.17,0.3868180693139512,0.0,0.5701903819044297,1
0.17,0.0,0.985,0.0,1.0,0.0,-0.985,0.0,0.17,0.38682006284307063,0.0,0.5701886094241143,1
0.17,0.0,0.985,0.0,1.0,0.0,-0.985,0.0,0.17,0.38682261613430313,0.0,0.5701863392498764,1
0.17,0.0,0.985,0.0,1.0,0.0,-0.985,0.0,0.17,0.3868257967607649,0.0,0.5701835113013205,1
0.17,0.0,0.985,0.0,1.0,0.0,-0.985,0.0,0.17,0.3868296717661381,0.0,0.5701800659687796,1
0.17,0.0,0.985,0.0,1.0,0.0,-0.985,0.0,0.17,0.3868343076660266,0.0,0.5701759441121099,1
0.17,0.0,0.985,0.0,1.0,0.0,-0.985,0.0,0.17,0.38683977044931184,0.0,0.5701710870594858,1
0.17,0.0,0.985,0.0,1.0,0.0,-0.985,0.0,0.17,0.3868461255795083,0.0,0.5701654366061938,1
0.17,0.0,0.985,0.0,1.0,0.0,-0.985,0.0,0.17,0.38685343799612004,0.0,0.5701589350134272,1
0.17,0.0,0.985,0.0,1.0,0.0,-0.985,0.0,0.17,0.3868617721159956,0.0,0.5701515250070809,1
0.17,0.0,0.985,0.0,1.0,0.0,-0.985,0.0,0.17,0.3868711918346842,0.0,0.570143149776546,1
0.17,0.0,0.985,0.0,1.0,0.0,-0.985,0.0,0.17,0.3868817605277918,0.0,0.570133752973504,1
0.17,0.0,0.985,0.0,1.0,0.0,-0.985,0.0,0.17,0.38689354105233625,0.0,0.5701232787107215,1
0.17,0.0,0.985,0.0,1.0,0.0,-0.985,0.0,0.17,0.3869065957481036,0.0,0.5701116715608451,1
0.17,0.0,0.985,0.0,1.0,0.0,-0.985,0.0,0.17,0.38692098643900374,0.0,0.5700988765551949,1
0.17,0.0,0.985,0.0,1.0,0.0,-0.985,0.0,0.17,0.386936774434426,0.0,0.5700848391825605,1
0.17,0.0,0.985,0.0,1.0,0.0,-0.985,0.0,0.17,0.3869540205305951,0.0,0.5700695053879943,1
0.17,0.0,0.985,0.0,1.0,0.0,-0.985,0.0,0.17,0.38697278501192706,0.0,0.5700528215716071,1
0.17,0.0,0.985,0.0,1.0,0.0,-0.985,0.0,0.17,0.38699312765238475,0.0,0.5700347345873614,1
0.17,0.0,0.985,0.0,1.0,0.0,-0.985,0.0,0.17,0.3870151077168336,0.0,0.5700151917418673,1
0.17,0.0,0.985,0.0,1.0,0.0,-0.985,0.0,0.17,0.38703878396239794,0.0,0.569994140793176,1
0.171,0.0,0.985,0.0,1.0,0.0,-0.985,0.0,0.171,0.3870642146398159,0.0,0.5699715299495751,1
0.171,0.0,0.985,0.0,1.0,0.0,-0.985,0.0,0.171,0.38709145749479623,0.0,0.5699473078683825,1
0.171,0.0,0.985,0.0,1.0,0.0,-0.985,0.0,0.171,0.38712056976937315,0.0,0.5699214236547415,1
0.171,0.0,0.985,0.0,1.0,0.0,-0.985,0.0,0.171,0.38715160820326266,0.0,0.569893826860415,1
0.171,0.0,0.985,0.0,1.0,0.0,-0.985,0.0,0.171,0.38718462903521816,0.0,0.5698644674825799,1
0.171,0.0,0.985,0.0,1.0,0.0,-0.985,0.0,0.171,0.38721968800438633,0.0,0.5698332959626224,1
0.171,0.0,0.985,0.0,1.0,0.0,-0.985,0.0,0.171,0.38725684035166286,0.0,0.5698002631849317,1
0.171,0.0,0.985,0.0,1.0,0.0,-0.985,0.0,0.171,0.38729614082104813,0.0,0.569765320475695,1
0.171,0.0,0.985,0.0,1.0,0.0,-0.985,0.0,0.171,0.3873376436610032,0.0,0.5697284196016918,1
0.171,0.0,0.985,0.0,1.0,0.0,-0.985,0.0,0.171,0.38738140262580545,0.0,0.569689512769089,1
0.171,0.0,0.985,0.0,1.0,0.0,-0.985,0.0,0.171,0.3874274709769045,0.0,0.5696485526222345,1
0.171,0.0,0.985,0.0,1.0,0.0,-0.985,0.0,0.171,0.38747590148427763,0.0,0.5696054922424528,1
0.172,0.0,0.985,0.0,1.0,0.0,-0.985,0.0,0.172,0.3875267464277861,0.0,0.5695602851468389,1
0.172,0.0,0.985,0.0,1.0,0.0,-0.985,0.0,0.172,0.38758005759853065,0.0,0.5695128852870526,1
0.172,0.0,0.985,0.0,1.0,0.0,-0.985,0.0,0.172,0.38763588630020723,0.0,0.569463247048114,1
0.172,0.0,0.985,0.0,1.0,0.0,-0.985,0.0,0.172,0.38769428335046274,0.0,0.5694113252471971,1
0.172,0.0,0.985,0.0,1.0,0.0,-0.985,0.0,0.172,0.38775529908225126,0.0,0.569357075132425,1
0.172,0.0,0.985,0.0,1.0,0.0,-0.985,0.0,0.172,0.38781898334518916,0.0,0.5693004523816638,1
0.172,0.0,0.985,0.0,1.0,0.0,-0.985,0.0,0.172,0.3878853855069115,0.0,0.5692414131013181,1
0.173,0.0,0.985,0.0,1.0,0.0,-0.985,0.0,0.173,0.38795455445442745,0.0,0.5691799138251246,1
0.173,0.0,0.985,0.0,1.0,0.0,-0.985,0.0,0.173,0.38802653859547614,0.0,0.569115911512947,1
0.173,0.0,0.985,0.0,1.0,0.0,-0.985,0.0,0.173,0.38810138585988246,0.0,0.5690493635495709,1
0.173,0.0,0.985,0.0,1.0,0.0,-0.985,0.0,0.173,0.38817914370091305,0.0,0.5689802277434978,1
0.173,0.0,0.985,0.0,1.0,0.0,-0.985,0.0,0.173,0.38825985909663163,0.0,0.5689084623257397,1
0.173,0.0,0.985,0.0,1.0,0.0,-0.985,0.0,0.173,0.3883435785512553,0.0,0.5688340259486141,1
0.174,0.0,0.985,0.0,1.0,0.0,-0.985,0.0,0.174,0.38843034809651,0.0,0.5687568776845383,1
0.174,0.0,0.985,0.0,1.0,0.0,-0.985,0.0,0.174,0.3885202132929863,0.0,0.5686769770248238,1
0.174,0.0,0.985,0.0,1.0,0.0,-0.985,0.0,0.174,0.3886132192314953,0.0,0.568594283878471,1
0.174,0.0,0.985,0.0,1.0,0.0,-0.985,0.0,0.174,0.3887094105344245,0.0,0.5685087585709638,1
0.174,0.0,0.985,0.0,1.0,0.0,-0.985,0.0,0.174,0.38880883135709315,0.0,0.5684203618430639,1
0.175,0.0,0.985,0.0,1.0,0.0,-0.985,0.0,0.175,0.3889115253891088,0.0,0.5683290548496056,1
0.175,0.0,0.985,0.0,1.0,0.0,-0.985,0.0,0.175,0.3890175358557222,0.0,0.5682347991582903,1
0.175,0.0,0.985,0.0,1.0,0.0,-0.985,0.0,0.175,0.3891269055191838,0.0,0.5681375567484811,1
0.175,0.0,0.984,0.0,1.0,0.0,-0.984,0.0,0.175,0.389239676680099,0.0,0.5680372900099971,1
0.176,0.0,0.984,0.0,1.0,0.0,-0.984,0.0,0.176,0.3893558911787846,0.0,0.5679339617419081,1
0.176,0.0,0.984,0.0,1.0,0.0,-0.984,0.0,0.176,0.38947559039662366,0.0,0.5678275351513296,1
0.176,0.0,0.984,0.0,1.0,0.0,-0.984,0.0,0.176,0.38959881525742224,0.0,0.567717973852216,1
0.177,0.0,0.984,0.0,1.0,0.0,-0.984,0.0,0.177,0.3897256062287644,0.0,0.5676052418641571,1
0.177,0.0,0.984,0.0,1.0,0.0,-0.984,0.0,0.177,0.3898560033233685,0.0,0.5674893036111709,1
0.177,0.0,0.984,0.0,1.0,0.0,-0.984,0.0,0.177,0.3899900461004428,0.0,0.5673701239204991,1
0.177,0.0,0.984,0.0,1.0,0.0,-0.984,0.0,0.177,0.39012777366704127,0.0,0.5672476680214015,1
0.178,0.0,0.984,0.0,1.0,0.0,-0.984,0.0,0.178,0.3902692246794193,0.0,0.5671219015439503,1
0.178,0.0,0.984,0.0,1.0,0.0,-0.984,0.0,0.178,0.39041443734438963,0.0,0.5669927905178247,1
0.178,0.0,0.984,0.0,1.0,0.0,-0.984,0.0,0.178,0.39056344942067783,0.0,0.5668603013711059,1
0.179,0.0,0.984,0.0,1.0,0.0,-0.984,0.0,0.179,0.39071629822027876,0.0,0.566724400929071,1
0.179,0.0,0.984,0.0,1.0,0.0,-0.984,0.0,0.179,0.39087302060981133,0.0,0.566585056412988,1
0.179,0.0,0.984,0.0,1.0,0.0,-0.984,0.0,0.179,0.3910336530118753,0.0,0.5664422354389103,1
0.18,0.0,0.984,0.0,1.0,0.0,-0.984,0.0,0.18,0.39119823140640647,0.0,0.5662959060164706,1
0.18,0.0,0.984,0.0,1.0,0.0,-0.984,0.0,0.18,0.39136679133203256,0.0,0.5661460365476769,1
0.181,0.0,0.984,0.0,1.0,0.0,-0.984,0.0,0.181,0.39153936788742916,0.0,0.5659925958257053,1
0.181,0.0,0.983,0.0,1.0,0.0,-0.983,0.0,0.181,0.39171599573267524,0.0,0.5658355530336958,1
0.181,0.0,0.983,0.0,1.0,0.0,-0.983,0.0,0.181,0.39189670909060936,0.0,0.5656748777435464,1
0.182,0.0,0.983,0.0,1.0,0.0,-0.983,0.0,0.182,0.392081541748185,0.0,0.5655105399147078,1
0.182,0.0,0.983,0.0,1.0,0.0,-0.983,0.0,0.182,0.3922705270578265,0.0,0.5653425098929775,1
0.183,0.0,0.983,0.0,1.0,0.0,-0.983,0.0,0.183,0.392463697938785,0.0,0.5651707584092951,1
0.183,0.0,0.983,0.0,1.0,0.0,-0.983,0.0,0.183,0.3926610868784942,0.0,0.5649952565785361,1
0.184,0.0,0.983,0.0,1.0,0.0,-0.983,0.0,0.184,0.3928627259339259,0.0,0.5648159758983069,1
0.184,0.0,0.983,0.0,1.0,0.0,-0.983,0.0,0.184,0.39306864673294584,0.0,0.5646328882477393,1
0.184,0.0,0.983,0.0,1.0,0.0,-0.983,0.0,0.184,0.39327888047566995,0.0,0.5644459658862849,1
0.185,0.0,0.983,0.0,1.0,0.0,-0.983,0.0,0.185,0.39349345793581947,0.0,0.5642551814525101,1
0.185,0.0,0.983,0.0,1.0,0.0,-0.983,0.0,0.185,0.39371240946207703,0.0,0.5640605079628894,1
0.186,0.0,0.983,0.0,1.0,0.0,-0.983,0.0,0.186,0.3939357649794427,0.0,0.5638619188106019,1
0.186,0.0,0.982,0.0,1.0,0.0,-0.982,0.0,0.186,0.3941635539905892,0.0,0.5636593877643238,1
0.187,0.0,0.982,0.0,1.0,0.0,-0.982,0.0,0.187,0.3943958055772183,0.0,0.5634528889670247,1
0.188,0.0,0.982,0.0,1.0,0.0,-0.982,0.0,0.188,0.39463254840141604,0.0,0.5632423969347611,1
0.188,0.0,0.982,0.0,1.0,0.0,-0.982,0.0,0.188,0.394873810707009,0.0,0.5630278865554708,1
0.189,0.0,0.982,0.0,1.0,0.0,-0.982,0.0,0.189,0.3951196203209197,0.0,0.5628093330877687,1
0.189,0.0,0.982,0.0,1.0,0.0,-0.982,0.0,0.189,0.39537000465452254,0.0,0.5625867121597398,1
0.19,0.0,0.982,0.0,1.0,0.0,-0.982,0.0,0.19,0.3956249907049998,0.0,0.562359999767735,1
0.19,0.0,0.982,0.0,1.0,0.0,-0.982,0.0,0.19,0.39588460505669715,0.0,0.5621291722751646,1
0.191,0.0,0.982,0.0,1.0,0.0,-0.982,0.0,0.191,0.39614887388247927,0.0,0.5618942064112937,1
0.192,0.0,0.981,0.0,1.0,0.0,-0.981,0.0,0.192,0.3964178229450862,0.0,0.5616550792700366,1
0.192,0.0,0.981,0.0,1.0,0.0,-0.981,0.0,0.192,0.3966914775984886,0.0,0.5614117683087506,1
0.193,0.0,0.981,0.0,1.0,0.0,-0.981,0.0,0.193,0.39696986278924384,0.0,0.5611642513470316,1
0.193,0.0,0.981,0.0,1.0,0.0,-0.981,0.0,0.193,0.3972530030578516,0.0,0.5609125065655081,1
0.194,0.0,0.981,0.0,1.0,0.0,-0.981,0.0,0.194,0.3975409225401097,0.0,0.5606565125046356,1
0.195,0.0,0.981,0.0,1.0,0.0,-0.981,0.0,0.195,0.3978336449684701,0.0,0.5603962480634912,1
0.195,0.0,0.981,0.0,1.0,0.0,-0.981,0.0,0.195,0.3981311936733943,0.0,0.5601316924985689,1
0.196,0.0,0.981,0.0,1.0,0.0,-0.981,0.0,0.196,0.39843359158470926,0.0,0.5598628254225733,1
0.197,0.0,0.98,0.0,1.0,0.0,-0.98,0.0,0.197,0.39874086123296365,0.0,0.5595896268032141,1
0.197,0.0,0.98,0.0,1.0,0.0,-0.98,0.0,0.197,0.3990530247507828,0.0,0.5593120769620012,1
0.198,0.0,0.98,0.0,1.0,0.0,-0.98,0.0,0.198,0.3993701038742252,0.0,0.5590301565730392,1
0.199,0.0,0.98,0.0,1.0,0.0,-0.98,0.0,0.199,0.3996921199441379,0.0,0.5587438466618214,1
0.2,0.0,0.98,0.0,1.0,0.0,-0.98,0.0,0.2,0.4000190939075124,0.0,0.558453128604025,1
0.2,0.0,0.98,0.0,1.0,0.0,-0.98,0.0,0.2,0.4003510463188404,0.0,0.5581579841243051,1
0.201,0.0,0.98,0.0,1.0,0.0,-0.98,0.0,0.201,0.4006879973414697,0.0,0.5578583952950895,1
0.202,0.0,0.979,0.0,1.0,0.0,-0.979,0.0,0.202,0.40102996674895997,0.0,0.5575543445353734,1
0.203,0.0,0.979,0.0,1.0,0.0,-0.979,0.0,0.203,0.4013769739264383,0.0,0.557245814609514,1
0.203,0.0,0.979,0.0,1.0,0.0,-0.979,0.0,0.203,0.4017290378719552,0.0,0.5569327886260241,1
0.204,0.0,0.979,0.0,1.0,0.0,-0.979,0.0,0.204,0.4020861771978405,0.0,0.5566152500363684,1
0.205,0.0,0.979,0.0,1.0,0.0,-0.979,0.0,0.205,0.40244841013205873,0.0,0.556293182633756,1
0.206,0.0,0.979,0.0,1.0,0.0,-0.979,0.0,0.206,0.4028157545195653,0.0,0.555966570551937,1
0.207,0.0,0.978,0.0,1.0,0.0,-0.978,0.0,0.207,0.40318822782366226,0.0,0.5556353982639953,1
0.208,0.0,0.978,0.0,1.0,0.0,-0.978,0.0,0.208,0.4035658471273537,0.0,0.5552996505811442,1
0.208,0.0,0.978,0.0,1.0,0.0,-0.978,0.0,0.208,0.4039486291347019,0.0,0.5549593126515205,1
0.209,0.0,0.978,0.0,1.0,0.0,-0.978,0.0,0.209,0.40433659017218315,0.0,0.5546143699589794,1
0.21,0.0,0.978,0.0,1.0,0.0,-0.978,0.0,0.21,0.4047297461900432,0.0,0.5542648083218886,1
0.211,0.0,0.977,0.0,1.0,0.0,-0.977,0.0,0.211,0.40512811276365335,0.0,0.5539106138919232,1
0.212,0.0,0.977,0.0,1.0,0.0,-0.977,0.0,0.212,0.40553170509486597,0.0,0.5535517731528601,1
0.213,0.0,0.977,0.0,1.0,0.0,-0.977,0.0,0.213,0.4059405380133707,0.0,0.5531882729193726,1
0.214,0.0,0.977,0.0,1.0,0.0,-0.977,0.0,0.214,0.4063546259780499,0.0,0.5528201003358247,1
0.215,0.0,0.977,0.0,1.0,0.0,-0.977,0.0,0.215,0.40677398307833434,0.0,0.5524472428750665,1
0.216,0.0,0.976,0.0,1.0,0.0,-0.976,0.0,0.216,0.4071986230355593,0.0,0.5520696883372277,1
0.217,0.0,0.976,0.0,1.0,0.0,-0.976,0.0,0.217,0.4076285592043202,0.0,0.5516874248485122,1
0.218,0.0,0.976,0.0,1.0,0.0,-0.976,0.0,0.218,0.40806380457382846,0.0,0.5513004408599937,1
0.219,0.0,0.976,0.0,1.0,0.0,-0.976,0.0,0.219,0.4085043717692671,0.0,0.5509087251464094,1
0.22,0.0,0.976,0.0,1.0,0.0,-0.976,0.0,0.22,0.4089502730531467,0.0,0.5505122668049544,1
0.221,0.0,0.975,0.0,1.0,0.0,-0.975,0.0,0.221,0.40940152032666105,0.0,0.5501110552540768,1
0.222,0.0,0.975,0.0,1.0,0.0,-0.975,0.0,0.222,0.4098581251310433,0.0,0.549705080232272,1
0.223,0.0,0.975,0.0,1.0,0.0,-0.975,0.0,0.223,0.4103200986489211,0.0,0.5492943317968775,1
0.224,0.0,0.975,0.0,1.0,0.0,-0.975,0.0,0.224,0.41078745170567293,0.0,0.5488788003228668,1
0.225,0.0,0.974,0.0,1.0,0.0,-0.974,0.0,0.225,0.4112601947707837,0.0,0.5484584765016445,1
0.226,0.0,0.974,0.0,1.0,0.0,-0.974,0.0,0.226,0.4117383379592005,0.0,0.5480333513398409,1
0.227,0.0,0.974,0.0,1.0,0.0,-0.974,0.0,0.227,0.41222189103268847,0.0,0.547603416158106,1
0.228,0.0,0.974,0.0,1.0,0.0,-0.974,0.0,0.228,0.41271086340118657,0.0,0.5471686625899049,1
0.229,0.0,0.973,0.0,1.0,0.0,-0.973,0.0,0.229,0.41320526412416314,0.0,0.5467290825803116,1
0.23,0.0,0.973,0.0,1.0,0.0,-0.973,0.0,0.23,0.41370510191197213,0.0,0.5462846683848036,1
0.231,0.0,0.973,0.0,1.0,0.0,-0.973,0.0,0.231,0.4142103851272085,0.0,0.5458354125680571,1
0.232,0.0,0.973,0.0,1.0,0.0,-0.973,0.0,0.232,0.4147211217860641,0.0,0.5453813080027408,1
0.234,0.0,0.972,0.0,1.0,0.0,-0.972,0.0,0.234,0.4152373195596835,0.0,0.5449223478683106,1
0.235,0.0,0.972,0.0,1.0,0.0,-0.972,0.0,0.235,0.4157589857755199,0.0,0.5444585256498047,1
0.236,0.0,0.972,0.0,1.0,0.0,-0.972,0.0,0.236,0.4162861274186907,0.0,0.5439898351366376,1
0.237,0.0,0.972,0.0,1.0,0.0,-0.972,0.0,0.237,0.4168187511333334,0.0,0.5435162704213948,1
0.238,0.0,0.971,0.0,1.0,0.0,-0.971,0.0,0.238,0.41735686322396115,0.0,0.5430378258986274,1
0.239,0.0,0.971,0.0,1.0,0.0,-0.971,0.0,0.239,0.4179004696568191,0.0,0.5425544962636463,1
0.241,0.0,0.971,0.0,1.0,0.0,-0.971,0.0,0.241,0.4184495760612395,0.0,0.5420662765113172,1
0.242,0.0,0.97,0.0,1.0,0.0,-0.97,0.0,0.242,0.41900418773099796,0.0,0.5415731619348555,1
0.243,0.0,0.97,0.0,1.0,0.0,-0.97,0.0,0.243,0.41956430962566904,0.0,0.5410751481246195,1
0.244,0.0,0.97,0.0,1.0,0.0,-0.97,0.0,0.244,0.42012994637198214,0.0,0.5405722309669065,1
0.246,0.0,0.969,0.0,1.0,0.0,-0.969,0.0,0.246,0.4207011022651772,0.0,0.5400644066427461,1
0.247,0.0,0.969,0.0,1.0,0.0,-0.969,0.0,0.247,0.42127778127036053,0.0,0.5395516716266957,1
0.248,0.0,0.969,0.0,1.0,0.0,-0.969,0.0,0.248,0.42185998702386035,0.0,0.5390340226856345,1
0.249,0.0,0.968,0.0,1.0,0.0,-0.968,0.0,0.249,0.4224477228345831,0.0,0.538511456877558,1
0.251,0.0,0.968,0.0,1.0,0.0,-0.968,0.0,0.251,0.4230409916853688,0.0,0.537983971550373,1
0.252,0.0,0.968,0.0,1.0,0.0,-0.968,0.0,0.252,0.423639796234347,0.0,0.5374515643406917,1
0.253,0.0,0.967,0.0,1.0,0.0,-0.967,0.0,0.253,0.42424413881629236,0.0,0.5369142331726268,1
0.255,0.0,0.967,0.0,1.0,0.0,-0.967,0.0,0.255,0.4248540214439808,0.0,0.536371976256585,1
0.256,0.0,0.967,0.0,1.0,0.0,-0.967,0.0,0.256,0.42546944580954504,0.0,0.5358247920880628,1
0.258,0.0,0.966,0.0,1.0,0.0,-0.966,0.0,0.258,0.42609041328583036,0.0,0.5352726794464403,1
0.259,0.0,0.966,0.0,1.0,0.0,-0.966,0.0,0.259,0.4267169249277505,0.0,0.5347156373937761,1
0.26,0.0,0.966,0.0,1.0,0.0,-0.966,0.0,0.26,0.4273489814736433,0.0,0.5341536652736013,1
0.262,0.0,0.965,0.0,1.0,0.0,-0.965,0.0,0.262,0.42798658334662676,0.0,0.5335867627097147,1
0.263,0.0,0.965,0.0,1.0,0.0,-0.965,0.0,0.263,0.42862973065595444,0.0,0.5330149296049772,1
0.265,0.0,0.964,0.0,1.0,0.0,-0.964,0.0,0.265,0.42927842319837173,0.0,0.5324381661401058,1
0.266,0.0,0.964,0.0,1.0,0.0,-0.964,0.0,0.266,0.42993266045947115,0.0,0.5318564727724688,1
0.267,0.0,0.964,0.0,1.0,0.0,-0.964,0.0,0.267,0.4305924416150484,0.0,0.5312698502348803,1
0.269,0.0,0.963,0.0,1.0,0.0,-0.963,0.0,0.269,0.431257765532458,0.0,0.5306782995343943,1
0.27,0.0,0.963,0.0,1.0,0.0,-0.963,0.0,0.27,0.43192863077196925,0.0,0.5300818219510997,1
0.272,0.0,0.962,0.0,1.0,0.0,-0.962,0.0,0.272,0.43260503558812197,0.0,0.5294804190369145,1
0.273,0.0,0.962,0.0,1.0,0.0,-0.962,0.0,0.273,0.43328697793108223,0.0,0.5288740926143806,1
0.275,0.0,0.961,0.0,1.0,0.0,-0.961,0.0,0.275,0.43397445544799795,0.0,0.5282628447754583,1
0.276,0.0,0.961,0.0,1.0,0.0,-0.961,0.0,0.276,0.4346674654843553,0.0,0.5276466778803208,1
0.278,0.0,0.961,0.0,1.0,0.0,-0.961,0.0,0.278,0.43536600508533363,0.0,0.5270255945561487,1
0.279,0.0,0.96,0.0,1.0,0.0,-0.96,0.0,0.279,0.4360700709971619,0.0,0.5263995976959247,1
0.281,0.0,0.96,0.0,1.0,0.0,-0.96,0.0,0.281,0.43677965966847426,0.0,0.5257686904572281,1
0.283,0.0,0.959,0.0,1.0,0.0,-0.959,0.0,0.283,0.4374947672516658,0.0,0.5251328762610289,1
0.284,0.0,0.959,0.0,1.0,0.0,-0.959,0.0,0.284,0.43821538960424844,0.0,0.5244921587904834,1
0.286,0.0,0.958,0.0,1.0,0.0,-0.958,0.0,0.286,0.43894152229020655,0.0,0.5238465419897276,1
0.287,0.0,0.958,0.0,1.0,0.0,-0.958,0.0,0.287,0.4396731605813528,0.0,0.5231960300626725,1
0.289,0.0,0.957,0.0,1.0,0.0,-0.957,0.0,0.289,0.4404102994586841,0.0,0.5225406274717984,1
0.291,0.0,0.957,0.0,1.0,0.0,-0.957,0.0,0.291,0.4411529336137372,0.0,0.5218803389369493,1
0.292,0.0,0.956,0.0,1.0,0.0,-0.956,0.0,0.292,0.44190105744994446,0.0,0.5212151694341276,1
0.294,0.0,0.956,0.0,1.0,0.0,-0.956,0.0,0.294,0.44265466508398976,0.0,0.520545124194289,1
0.296,0.0,0.955,0.0,1.0,0.0,-0.955,0.0,0.296,0.44341375034716435,0.0,0.5198702087021362,1
0.297,0.0,0.955,0.0,1.0,0.0,-0.955,0.0,0.297,0.44417830678672243,0.0,0.5191904286949143,1
0.299,0.0,0.954,0.0,1.0,0.0,-0.954,0.0,0.299,0.4449483276672369,0.0,0.5185057901612047,1
0.301,0.0,0.954,0.0,1.0,0.0,-0.954,0.0,0.301,0.44572380597195543,0.0,0.5178162993397203,1
0.302,0.0,0.953,0.0,1.0,0.0,-0.953,0.0,0.302,0.44650473440415606,0.0,0.5171219627180995,1
0.304,0.0,0.953,0.0,1.0,0.0,-0.953,0.0,0.304,0.4472911053885029,0.0,0.5164227870317009,1
0.306,0.0,0.952,0.0,1.0,0.0,-0.952,0.0,0.306,0.4480829110724022,0.0,0.515718779262398,1
0.307,0.0,0.952,0.0,1.0,0.0,-0.952,0.0,0.307,0.44888014332735793,0.0,0.5150099466373733,1
0.309,0.0,0.951,0.0,1.0,0.0,-0.951,0.0,0.309,0.44968279375032727,0.0,0.514296296627914,1
0.311,0.0,0.95,0.0,1.0,0.0,-0.95,0.0,0.311,0.45049085366507724,0.0,0.5135778369482048,1
0.313,0.0,0.95,0.0,1.0,0.0,-0.95,0.0,0.313,0.45130431412353966,0.0,0.5128545755541237,1
0.314,0.0,0.949,0.0,1.0,0.0,-0.949,0.0,0.314,0.45212316590716717,0.0,0.5121265206420367,1
0.316,0.0,0.949,0.0,1.0,0.0,-0.949,0.0,0.316,0.45294739952828916,0.0,0.5113936806475913,1
0.318,0.0,0.948,0.0,1.0,0.0,-0.948,0.0,0.318,0.4537770052314677,0.0,0.5106560642445117,1
0.32,0.0,0.947,0.0,1.0,0.0,-0.947,0.0,0.32,0.4546119729948528,0.0,0.5099136803433938,1
0.322,0.0,0.947,0.0,1.0,0.0,-0.947,0.0,0.322,0.45545229253153857,0.0,0.5091665380904983,1
0.324,0.0,0.946,0.0,1.0,0.0,-0.946,0.0,0.324,0.45629795329091916,0.0,0.5084146468665471,1
0.325,0.0,0.946,0.0,1.0,0.0,-0.946,0.0,0.325,0.4571489444600439,0.0,0.5076580162855167,1
0.327,0.0,0.945,0.0,1.0,0.0,-0.945,0.0,0.327,0.45800525496497396,0.0,0.5068966561934323,1
0.329,0.0,0.944,0.0,1.0,0.0,-0.944,0.0,0.329,0.4588668734721374,0.0,0.5061305766671639,1
0.331,0.0,0.944,0.0,1.0,0.0,-0.944,0.0,0.331,0.4597337883896851,0.0,0.5053597880132195,1
0.333,0.0,0.943,0.0,1.0,0.0,-0.943,0.0,0.333,0.46060598786884716,0.0,0.5045843007665402,1
0.335,0.0,0.942,0.0,1.0,0.0,-0.942,0.0,0.335,0.46148345980528777,0.0,0.5038041256892948,1
0.337,0.0,0.942,0.0,1.0,0.0,-0.942,0.0,0.337,0.4623661918404617,0.0,0.5030192737696739,1
0.338,0.0,0.941,0.0,1.0,0.0,-0.941,0.0,0.338,0.46325417136296954,0.0,0.5022297562206854,1
0.34,0.0,0.94,0.0,1.0,0.0,-0.94,0.0,0.34,0.46414738550991397,0.0,0.5014355844789476,1
0.342,0.0,0.94,0.0,1.0,0.0,-0.94,0.0,0.342,0.4650458211682552,0.0,0.5006367702034851,1
0.344,0.0,0.939,0.0,1.0,0.0,-0.939,0.0,0.344,0.4659494649761672,0.0,0.4998333252745228,1
0.346,0.0,0.938,0.0,1.0,0.0,-0.938,0.0,0.346,0.4668583033243926,0.0,0.4990252617922801,1
0.348,0.0,0.937,0.0,1.0,0.0,-0.937,0.0,0.348,0.46777232235759975,0.0,0.4982125920757662,1
0.35,0.0,0.937,0.0,1.0,0.0,-0.937,0.0,0.35,0.46869150797573716,0.0,0.49739532866157404,1
0.352,0.0,0.936,0.0,1.0,0.0,-0.936,0.0,0.352,0.46961584583539034,0.0,0.4965734843026751,1
0.354,0.0,0.935,0.0,1.0,0.0,-0.935,0.0,0.354,0.470545321351137,0.0,0.49574707196721424,1
0.356,0.0,0.934,0.0,1.0,0.0,-0.934,0.0,0.356,0.47147991969690317,0.0,0.49491610483730314,1
0.358,0.0,0.934,0.0,1.0,0.0,-0.934,0.0,0.358,0.47241962580731856,0.0,0.4940805963078165,1
0.36,0.0,0.933,0.0,1.0,0.0,-0.933,0.0,0.36,0.4733644243790728,0.0,0.49324055998518523,1
0.362,0.0,0.932,0.0,1.0,0.0,-0.932,0.0,0.362,0.474314299872271,0.0,0.49239600968619157,1
0.364,0.0,0.931,0.0,1.0,0.0,-0.931,0.0,0.364,0.47526923651178954,0.0,0.49154695943676363,1
0.366,0.0,0.931,0.0,1.0,0.0,-0.931,0.0,0.366,0.4762292182886321,0.0,0.49069342347076994,1
0.368,0.0,0.93,0.0,1.0,0.0,-0.93,0.0,0.368,0.4771942289612847,0.0,0.4898354162288136,1
0.37,0.0,0.929,0.0,1.0,0.0,-0.929,0.0,0.37,0.4781642520570726,0.0,0.48897295235702765,1
0.372,0.0,0.928,0.0,1.0,0.0,-0.928,0.0,0.372,0.47913927087351516,0.0,0.48810604670586855,1
0.374,0.0,0.927,0.0,1.0,0.0,-0.927,0.0,0.374,0.4801192684796821,0.0,0.48723471432891186,1
0.377,0.0,0.926,0.0,1.0,0.0,-0.926,0.0,0.377,0.48110422771754907,0.0,0.48635897048164595,1
0.379,0.0,0.926,0.0,1.0,0.0,-0.926,0.0,0.379,0.48209413120335354,0.0,0.48547883062026664,1
0.381,0.0,0.925,0.0,1.0,0.0,-0.925,0.0,0.381,0.4830889613289506,0.0,0.4845943104004724,1
0.383,0.0,0.924,0.0,1.0,0.0,-0.924,0.0,0.383,0.4840887002631687,0.0,0.4837054256762581,1
0.385,0.0,0.923,0.0,1.0,0.0,-0.923,0.0,0.385,0.4850933299531653,0.0,0.48281219249871005,1
0.387,0.0,0.922,0.0,1.0,0.0,-0.922,0.0,0.387,0.4861028321257829,0.0,0.48191462711480015,1
0.389,0.0,0.921,0.0,1.0,0.0,-0.921,0.0,0.389,0.4871171882889048,0.0,0.48101274596618115,1
0.391,0.0,0.92,0.0,1.0,0.0,-0.92,0.0,0.391,0.488136379732811,0.0,0.48010656568798027,1
0.394,0.0,0.919,0.0,1.0,0.0,-0.919,0.0,0.394,0.489160387531533,0.0,0.4791961031075944,1
0.396,0.0,0.918,0.0,1.0,0.0,-0.918,0.0,0.396,0.4901891925442112,0.0,0.4782813752434845,1
0.398,0.0,0.917,0.0,1.0,0.0,-0.917,0.0,0.398,0.49122277541644954,0.0,0.4773623993039701,1
0.4,0.0,0.917,0.0,1.0,0.0,-0.917,0.0,0.4,0.4922611165816715,0.0,0.47643919268602375,1
0.402,0.0,0.916,0.0,1.0,0.0,-0.916,0.0,0.402,0.49330419626247624,0.0,0.4755117729740657,1
0.404,0.0,0.915,0.0,1.0,0.0,-0.915,0.0,0.404,0.4943519944719939,0.0,0.4745801579387588,1
0.407,0.0,0.914,0.0,1.0,0.0,-0.914,0.0,0.407,0.49540449101524187,0.0,0.4736443655358018,1
0.409,0.0,0.913,0.0,1.0,0.0,-0.913,0.0,0.409,0.49646166549048,0.0,0.4727044139047259,1
0.411,0.0,0.912,0.0,1.0,0.0,-0.912,0.0,0.411,0.4975234972905671,0.0,0.47176032136768714,1
0.413,0.0,0.911,0.0,1.0,0.0,-0.911,0.0,0.413,0.4985899656043158,0.0,0.47081210642826266,1
0.415,0.0,0.91,0.0,1.0,0.0,-0.91,0.0,0.415,0.4996610494178495,0.0,0.4698597877702442,1
0.418,0.0,0.909,0.0,1.0,0.0,-0.909,0.0,0.418,0.5007367275159571,0.0,0.4689033842564333,1
0.42,0.0,0.908,0.0,1.0,0.0,-0.908,0.0,0.42,0.5018169784834493,0.0,0.46794291492743534,1
0.422,0.0,0.907,0.0,1.0,0.0,-0.907,0.0,0.422,0.5029017807065144,0.0,0.4669783990004544,1
0.424,0.0,0.905,0.0,1.0,0.0,-0.905,0.0,0.424,0.5039911123740737,0.0,0.46600985586808763,1
0.427,0.0,0.904,0.0,1.0,0.0,-0.904,0.0,0.427,0.5050849514791381,0.0,0.4650373050971202,1
0.429,0.0,0.903,0.0,1.0,0.0,-0.903,0.0,0.429,0.5061832758201628,0.0,0.46406076642731925,1
0.431,0.0,0.902,0.0,1.0,0.0,-0.902,0.0,0.431,0.5072860630024038,0.0,0.4630802597702287,1
0.434,0.0,0.901,0.0,1.0,0.0,-0.901,0.0,0.434,0.5083932904392737,0.0,0.462095805207964,1
0.436,0.0,0.9,0.0,1.0,0.0,-0.9,0.0,0.436,0.5095049353536971,0.0,0.4611074229920064,1
0.438,0.0,0.899,0.0,1.0,0.0,-0.899,0.0,0.438,0.5106209747794668,0.0,0.4601151335419977,1
0.44,0.0,0.898,0.0,1.0,0.0,-0.898,0.0,0.44,0.5117413855625991,0.0,0.4591189574445345,1
0.443,0.0,0.897,0.0,1.0,0.0,-0.897,0.0,0.443,0.5128661443626898,0.0,0.4581189154519634,1
0.445,0.0,0.896,0.0,1.0,0.0,-0.896,0.0,0.445,0.5139952276542709,0.0,0.4571150284811744,1
0.447,0.0,0.894,0.0,1.0,0.0,-0.894,0.0,0.447,0.5151286117281642,0.0,0.4561073176123969,1
0.45,0.0,0.893,0.0,1.0,0.0,-0.893,0.0,0.45,0.5162662726928393,0.0,0.4550958040879931,1
0.452,0.0,0.892,0.0,1.0,0.0,-0.892,0.0,0.452,0.5174081864757686,0.0,0.45408050931125277,1
0.454,0.0,0.891,0.0,1.0,0.0,-0.891,0.0,0.454,0.5185543288247823,0.0,0.4530614548451884,1
0.457,0.0,0.89,0.0,1.0,0.0,-0.89,0.0,0.457,0.5197046753094252,0.0,0.45203866241132906,1
0.459,0.0,0.888,0.0,1.0,0.0,-0.888,0.0,0.459,0.5208592013223126,0.0,0.4510121538885152,1
0.461,0.0,0.887,0.0,1.0,0.0,-0.887,0.0,0.461,0.5220178820804849,0.0,0.44998195131169344,1
0.464,0.0,0.886,0.0,1.0,0.0,-0.886,0.0,0.464,0.5231806926267646,0.0,0.4489480768707108,1
0.466,0.0,0.885,0.0,1.0,0.0,-0.885,0.0,0.466,0.5243476078311115,0.0,0.4479105529091091,1
0.468,0.0,0.884,0.0,1.0,0.0,-0.884,0.0,0.468,0.5255186023919785,0.0,0.44686940192292013,1
0.471,0.0,0.882,0.0,1.0,0.0,-0.882,0.0,0.471,0.5266936508376676,0.0,0.4458246465594593,1
0.473,0.0,0.881,0.0,1.0,0.0,-0.881,0.0,0.473,0.5278727275276853,0.0,0.4447763096161215,1
0.476,0.0,0.88,0.0,1.0,0.0,-0.88,0.0,0.476,0.5290558066540993,0.0,0.443724414039174,1
0.478,0.0,0.878,0.0,1.0,0.0,-0.878,0.0,0.478,0.5302428622428927,0.0,0.44266898292255247,1
0.48,0.0,0.877,0.0,1.0,0.0,-0.877,0.0,0.48,0.5314338681553219,0.0,0.4416100395066545,1
0.483,0.0,0.876,0.0,1.0,0.0,-0.876,0.0,0.483,0.5326287980892699,0.0,0.4405476071771348,1
0.485,0.0,0.874,0.0,1.0,0.0,-0.874,0.0,0.485,0.5338276255806041,0.0,0.4394817094636995,1
0.487,0.0,0.873,0.0,1.0,0.0,-0.873,0.0,0.487,0.5350303240045318,0.0,0.43841237003890066,1
0.49,0.0,0.872,0.0,1.0,0.0,-0.872,0.0,0.49,0.5362368665769544,0.0,0.4373396127169308,1
0.492,0.0,0.87,0.0,1.0,0.0,-0.87,0.0,0.492,0.5374472263558252,0.0,0.4362634614524177,1
0.495,0.0,0.869,0.0,1.0,0.0,-0.869,0.0,0.495,0.5386613762425044,0.0,0.4351839403392184,1
0.497,0.0,0.868,0.0,1.0,0.0,-0.868,0.0,0.497,0.5398792889831143,0.0,0.43410107360921474,1
0.5,0.0,0.866,0.0,1.0,0.0,-0.866,0.0,0.5,0.5411009371698959,0.0,0.43301488563110657,1
0.502,0.0,0.865,0.0,1.0,0.0,-0.865,0.0,0.502,0.5423262932425644,0.0,0.4319254009092075,1
0.504,0.0,0.863,0.0,1.0,0.0,-0.863,0.0,0.504,0.5435553294896649,0.0,0.4308326440822387,1
0.507,0.0,0.862,0.0,1.0,0.0,-0.862,0.0,0.507,0.544788018049928,0.0,0.4297366399221239,1
0.509,0.0,0.861,0.0,1.0,0.0,-0.861,0.0,0.509,0.5460243309136265,0.0,0.42863741333278377,1
0.512,0.0,0.859,0.0,1.0,0.0,-0.859,0.0,0.512,0.5472642399239298,0.0,0.42753498934893,1
0.514,0.0,0.858,0.0,1.0,0.0,-0.858,0.0,0.514,0.5485077167782609,0.0,0.4264293931348609,1
0.517,0.0,0.856,0.0,1.0,0.0,-0.856,0.0,0.517,0.5497547330296515,0.0,0.425320649983255,1
0.519,0.0,0.855,0.0,1.0,0.0,-0.855,0.0,0.519,0.5510052600880979,0.0,0.42420878531396605,1
0.521,0.0,0.853,0.0,1.0,0.0,-0.853,0.0,0.521,0.5522592692219171,0.0,0.4230938246728172,1
0.524,0.0,0.852,0.0,1.0,0.0,-0.852,0.0,0.524,0.5535167315591023,0.0,0.4219757937303963,1
0.526,0.0,0.85,0.0,1.0,0.0,-0.85,0.0,0.526,0.5547776180886786,0.0,0.42085471828084947,1
0.529,0.0,0.849,0.0,1.0,0.0,-0.849,0.0,0.529,0.5560418996620589,0.0,0.41973062424067653,1
0.531,0.0,0.847,0.0,1.0,0.0,-0.847,0.0,0.531,0.5573095469943998,0.0,0.41860353764752495,1
0.534,0.0,0.846,0.0,1.0,0.0,-0.846,0.0,0.534,0.5585805306659573,0.0,0.41747348465898454,1
0.536,0.0,0.844,0.0,1.0,0.0,-0.844,0.0,0.536,0.5598548211234424,0.0,0.41634049155138225,1
0.539,0.0,0.843,0.0,1.0,0.0,-0.843,0.0,0.539,0.5611323886813777,0.0,0.4152045847185764,1
0.541,0.0,0.841,0.0,1.0,0.0,-0.841,0.0,0.541,0.5624132035234515,0.0,0.4140657906707514,1
0.544,0.0,0.839,0.0,1.0,0.0,-0.839,0.0,0.544,0.5636972357038756,0.0,0.4129241360332122,1
0.546,0.0,0.838,0.0,1.0,0.0,-0.838,0.0,0.546,0.5649844551487394,0.0,0.411779647545179,1
0.548,0.0,0.836,0.0,1.0,0.0,-0.836,0.0,0.548,0.566274831657367,0.0,0.4106323520585816,1
0.551,0.0,0.835,0.0,1.0,0.0,-0.835,0.0,0.551,0.5675683349036719,0.0,0.40948227653685426,1
0.553,0.0,0.833,0.0,1.0,0.0,-0.833,0.0,0.553,0.5688649344375134,0.0,0.40832944805372967,1
0.556,0.0,0.831,0.0,1.0,0.0,-0.831,0.0,0.556,0.5701645996860526,0.0,0.4071738937920341,1
0.558,0.0,0.83,0.0,1.0,0.0,-0.83,0.0,0.558,0.5714672999551074,0.0,0.4060156410424817,1
0.561,0.0,0.828,0.0,1.0,0.0,-0.828,0.0,0.561,0.5727730044305088,0.0,0.404854717202469,1
0.563,0.0,0.826,0.0,1.0,0.0,-0.826,0.0,0.563,0.5740816821794568,0.0,0.4036911497748697,1
0.566,0.0,0.825,0.0,1.0,0.0,-0.825,0.0,0.566,0.5753933021518758,0.0,0.4025249663668286,1
0.568,0.0,0.823,0.0,1.0,0.0,-0.823,0.0,0.568,0.5767078331817709,0.0,0.40135619468855704,1
0.571,0.0,0.821,0.0,1.0,0.0,-0.821,0.0,0.571,0.5780252439885829,0.0,0.40018486255212693,1
0.573,0.0,0.819,0.0,1.0,0.0,-0.819,0.0,0.573,0.5793455031785449,0.0,0.39901099787026506,1
0.576,0.0,0.818,0.0,1.0,0.0,-0.818,0.0,0.576,0.5806685792460378,0.0,0.3978346286551482,1
0.578,0.0,0.816,0.0,1.0,0.0,-0.816,0.0,0.578,0.5819944405749453,0.0,0.39665578301719745,1
0.581,0.0,0.814,0.0,1.0,0.0,-0.814,0.0,0.581,0.5833230554400117,0.0,0.39547448916387234,1
0.583,0.0,0.812,0.0,1.0,0.0,-0.812,0.0,0.583,0.584654392008195,0.0,0.3942907753984665,1
0.586,0.0,0.811,0.0,1.0,0.0,-0.811,0.0,0.586,0.5859884183400251,0.0,0.3931046701189008,1
0.588,0.0,0.809,0.0,1.0,0.0,-0.809,0.0,0.588,0.5873251023909581,0.0,0.3919162018165189,1
0.59,0.0,0.807,0.0,1.0,0.0,-0.807,0.0,0.59,0.5886644120127327,0.0,0.3907253990748814,1
0.593,0.0,0.805,0.0,1.0,0.0,-0.805,0.0,0.593,0.5900063149547254,0.0,0.3895322905685606,1
0.595,0.0,0.803,0.0,1.0,0.0,-0.803,0.0,0.595,0.5913507788653076,0.0,0.3883369050619347,1
0.598,0.0,0.802,0.0,1.0,0.0,-0.802,0.0,0.598,0.5926977712931996,0.0,0.3871392714079828,1
0.6,0.0,0.8,0.0,1.0,0.0,-0.8,0.0,0.6,0.5940472596888278,0.0,0.3859394185470791,1
0.603,0.0,0.798,0.0,1.0,0.0,-0.798,0.0,0.603,0.5953992114056799,0.0,0.38473737550578746,1
0.605,0.0,0.796,0.0,1.0,0.0,-0.796,0.0,0.605,0.5967535937016604,0.0,0.38353317139565635,1
0.608,0.0,0.794,0.0,1.0,0.0,-0.794,0.0,0.608,0.5981103737404476,0.0,0.38232683541201273,1
0.61,0.0,0.792,0.0,1.0,0.0,-0.792,0.0,0.61,0.5994695185928474,0.0,0.3811183968327574,1
0.613,0.0,0.79,0.0,1.0,0.0,-0.79,0.0,0.613,0.600830995238151,0.0,0.3799078850171588,1
0.615,0.0,0.788,0.0,1.0,0.0,-0.788,0.0,0.615,0.6021947705654895,0.0,0.378695329404648,1
0.618,0.0,0.787,0.0,1.0,0.0,-0.787,0.0,0.618,0.6035608113751906,0.0,0.377480759513613,1
0.62,0.0,0.785,0.0,1.0,0.0,-0.785,0.0,0.62,0.6049290843801333,0.0,0.37626420494019375,1
0.622,0.0,0.783,0.0,1.0,0.0,-0.783,0.0,0.622,0.6062995562071044,0.0,0.3750456953570759,1
0.625,0.0,0.781,0.0,1.0,0.0,-0.781,0.0,0.625,0.6076721933981544,0.0,0.3738252605122861,1
0.627,0.0,0.779,0.0,1.0,0.0,-0.779,0.0,0.627,0.6090469624119526,0.0,0.3726029302279862,1
0.63,0.0,0.777,0.0,1.0,0.0,-0.777,0.0,0.63,0.6104238296251436,0.0,0.37137873439926783,1
0.632,0.0,0.775,0.0,1.0,0.0,-0.775,0.0,0.632,0.6118027613337029,0.0,0.37015270299294695,1
0.635,0.0,0.773,0.0,1.0,0.0,-0.773,0.0,0.635,0.6131837237542921,0.0,0.3689248660463586,1
0.637,0.0,0.771,0.0,1.0,0.0,-0.771,0.0,0.637,0.6145666830256157,0.0,0.367695253666151,1
0.64,0.0,0.769,0.0,1.0,0.0,-0.769,0.0,0.64,0.615951605209776,0.0,0.3664638960270805,1
0.642,0.0,0.767,0.0,1.0,0.0,-0.767,0.0,0.642,0.6173384562936293,0.0,0.36523082337080603,1
0.644,0.0,0.765,0.0,1.0,0.0,-0.765,0.0,0.644,0.6187272021901419,0.0,0.3639960660046834,1
0.647,0.0,0.763,0.0,1.0,0.0,-0.763,0.0,0.647,0.6201178087397448,0.0,0.3627596543005606,1
0.649,0.0,0.761,0.0,1.0,0.0,-0.761,0.0,0.649,0.6215102417116917,0.0,0.3615216186935709,1
0.652,0.0,0.758,0.0,1.0,0.0,-0.758,0.0,0.652,0.6229044668054117,0.0,0.3602819896809294,1
0.654,0.0,0.756,0.0,1.0,0.0,-0.756,0.0,0.654,0.6243004496518679,0.0,0.35904079782072573,1
0.657,0.0,0.754,0.0,1.0,0.0,-0.754,0.0,0.657,0.6256981558149117,0.0,0.35779807373071953,1
0.659,0.0,0.752,0.0,1.0,0.0,-0.752,0.0,0.659,0.6270975507926391,0.0,0.3565538480871349,1
0.661,0.0,0.75,0.0,1.0,0.0,-0.75,0.0,0.661,0.6284986000187458,0.0,0.35530815162345497,1
0.664,0.0,0.748,0.0,1.0,0.0,-0.748,0.0,0.664,0.6299012688638842,0.0,0.35406101512921606,1
0.666,0.0,0.746,0.0,1.0,0.0,-0.746,0.0,0.666,0.6313055226370179,0.0,0.35281246944880285,1
0.669,0.0,0.744,0.0,1.0,0.0,-0.744,0.0,0.669,0.6327113265867784,0.0,0.35156254548024235,1
0.671,0.0,0.742,0.0,1.0,0.0,-0.742,0.0,0.671,0.6341186459028205,0.0,0.35031127417399893,1
0.673,0.0,0.739,0.0,1.0,0.0,-0.739,0.0,0.673,0.6355274457171778,0.0,0.3490586865317684,1
0.676,0.0,0.737,0.0,1.0,0.0,-0.737,0.0,0.676,0.6369376911056194,0.0,0.347804813605273,1
0.678,0.0,0.735,0.0,1.0,0.0,-0.735,0.0,0.678,0.6383493470890047,0.0,0.34654968649505563,1
0.68,0.0,0.733,0.0,1.0,0.0,-0.733,0.0,0.68,0.6397623786346397,0.0,0.34529333634927445,1
0.683,0.0,0.731,0.0,1.0,0.0,-0.731,0.0,0.683,0.6411767506576328,0.0,0.3440357943624977,1
0.685,0.0,0.728,0.0,1.0,0.0,-0.728,0.0,0.685,0.6425924280222501,0.0,0.34277709177449805,1
0.687,0.0,0.726,0.0,1.0,0.0,-0.726,0.0,0.687,0.6440093755432719,0.0,0.34151725986904696,1
0.69,0.0,0.724,0.0,1.0,0.0,-0.724,0.0,0.69,0.6454275579873482,0.0,0.3402563299727092,1
0.692,0.0,0.722,0.0,1.0,0.0,-0.722,0.0,0.692,0.6468469400743542,0.0,0.33899433345363816,1
0.695,0.0,0.719,0.0,1.0,0.0,-0.719,0.0,0.695,0.6482674864787459,0.0,0.3377313017203697,1
0.697,0.0,0.717,0.0,1.0,0.0,-0.717,0.0,0.697,0.6496891618309171,0.0,0.33646726622061646,1
0.699,0.0,0.715,0.0,1.0,0.0,-0.715,0.0,0.699,0.6511119307185541,0.0,0.3352022584400632,1
0.701,0.0,0.713,0.0,1.0,0.0,-0.713,0.0,0.701,0.6525357576879914,0.0,0.33393630990116074,1
0.704,0.0,0.71,0.0,1.0,0.0,-0.71,0.0,0.704,0.6539606072455685,0.0,0.33266945216192073,1
0.706,0.0,0.708,0.0,1.0,0.0,-0.708,0.0,0.706,0.6553864438589839,0.0,0.33140171681471053,1
0.708,0.0,0.706,0.0,1.0,0.0,-0.706,0.0,0.708,0.6568132319586534,0.0,0.3301331354850468,1
0.711,0.0,0.703,0.0,1.0,0.0,-0.703,0.0,0.711,0.6582409359390637,0.0,0.3288637398303909,1
0.713,0.0,0.701,0.0,1.0,0.0,-0.701,0.0,0.713,0.6596695201601288,0.0,0.32759356153894365,1
0.715,0.0,0.699,0.0,1.0,0.0,-0.699,0.0,0.715,0.6610989489485465,0.0,0.32632263232843894,1
0.718,0.0,0.696,0.0,1.0,0.0,-0.696,0.0,0.718,0.6625291865991536,0.0,0.3250509839449385,1
0.72,0.0,0.694,0.0,1.0,0.0,-0.694,0.0,0.72,0.6639601973762814,0.0,0.3237786481616274,1
0.722,0.0,0.692,0.0,1.0,0.0,-0.692,0.0,0.722,0.6653919455151118,0.0,0.3225056567776076,1
0.724,0.0,0.689,0.0,1.0,0.0,-0.689,0.0,0.724,0.6668243952230335,0.0,0.3212320416166929,1
0.727,0.0,0.687,0.0,1.0,0.0,-0.687,0.0,0.727,0.6682575106809975,0.0,0.3199578345262029,1
0.729,0.0,0.685,0.0,1.0,0.0,-0.685,0.0,0.729,0.6696912560448719,0.0,0.3186830673757589,1
0.731,0.0,0.682,0.0,1.0,0.0,-0.682,0.0,0.731,0.6711255954467995,0.0,0.31740777205607695,1
0.733,0.0,0.68,0.0,1.0,0.0,-0.68,0.0,0.733,0.6725604929965522,0.0,0.3161319804777632,1
0.736,0.0,0.677,0.0,1.0,0.0,-0.677,0.0,0.736,0.6739959127828872,0.0,0.3148557245701086,1
0.738,0.0,0.675,0.0,1.0,0.0,-0.675,0.0,0.738,0.6754318188749031,0.0,0.31357903627988254,1
0.74,0.0,0.673,0.0,1.0,0.0,-0.673,0.0,0.74,0.6768681753233952,0.0,0.31230194757012864,1
0.742,0.0,0.67,0.0,1.0,0.0,-0.67,0.0,0.742,0.6783049461622113,0.0,0.3110244904189583,1
0.744,0.0,0.668,0.0,1.0,0.0,-0.668,0.0,0.744,0.6797420954096082,0.0,0.30974669681834566,1
0.747,0.0,0.665,0.0,1.0,0.0,-0.665,0.0,0.747,0.6811795870696064,0.0,0.30846859877292215,1
0.749,0.0,0.663,0.0,1.0,0.0,-0.663,0.0,0.749,0.6826173851333469,0.0,0.30719022829877074,1
0.751,0.0,0.66,0.0,1.0,0.0,-0.66,0.0,0.751,0.6840554535804463,0.0,0.3059116174222213,1
0.753,0.0,0.658,0.0,1.0,0.0,-0.658,0.0,0.753,0.6854937563803524,0.0,0.3046327981786443,1
0.755,0.0,0.655,0.0,1.0,0.0,-0.655,0.0,0.755,0.6869322574937015,0.0,0.303353802611245,1
0.757,0.0,0.653,0.0,1.0,0.0,-0.653,0.0,0.757,0.688370920873672,0.0,0.30207466276985984,1
0.76,0.0,0.65,0.0,1.0,0.0,-0.65,0.0,0.76,0.6898097104673417,0.0,0.30079541070974886,1
0.762,0.0,0.648,0.0,1.0,0.0,-0.648,0.0,0.762,0.6912485902170431,0.0,0.29951607849039175,1
0.764,0.0,0.645,0.0,1.0,0.0,-0.645,0.0,0.764,0.6926875240617196,0.0,0.2982366981742813,1
0.766,0.0,0.643,0.0,1.0,0.0,-0.643,0.0,0.766,0.6941264759382801,0.0,0.29695730182571894,1
0.768,0.0,0.64,0.0,1.0,0.0,-0.64,0.0,0.768,0.6955654097829567,0.0,0.29567792150960837,1
0.77,0.0,0.638,0.0,1.0,0.0,-0.638,0.0,0.77,0.697004289532658,0.0,0.2943985892902512,1
0.772,0.0,0.635,0.0,1.0,0.0,-0.635,0.0,0.772,0.698443079126328,0.0,0.29311933723014016,1
0.774,0.0,0.633,0.0,1.0,0.0,-0.633,0.0,0.774,0.6998817425062985,0.0,0.2918401973887549,1
0.776,0.0,0.63,0.0,1.0,0.0,-0.63,0.0,0.776,0.7013202436196474,0.0,0.2905612018213559,1
0.778,0.0,0.628,0.0,1.0,0.0,-0.628,0.0,0.778,0.7027585464195538,0.0,0.28928238257777855,1
0.78,0.0,0.625,0.0,1.0,0.0,-0.625,0.0,0.78,0.704196614866653,0.0,0.2880037717012293,1
0.783,0.0,0.623,0.0,1.0,0.0,-0.623,0.0,0.783,0.7056344129303935,0.0,0.286725401227078,1
0.785,0.0,0.62,0.0,1.0,0.0,-0.62,0.0,0.785,0.7070719045903917,0.0,0.2854473031816544,1
0.787,0.0,0.617,0.0,1.0,0.0,-0.617,0.0,0.787,0.7085090538377885,0.0,0.2841695095810418,1
0.789,0.0,0.615,0.0,1.0,0.0,-0.615,0.0,0.789,0.7099458246766046,0.0,0.28289205242987153,1
0.791,0.0,0.612,0.0,1.0,0.0,-0.612,0.0,0.791,0.7113821811250969,0.0,0.2816149637201174,1
0.793,0.0,0.61,0.0,1.0,0.0,-0.61,0.0,0.793,0.7128180872171126,0.0,0.2803382754298916,1
0.795,0.0,0.607,0.0,1.0,0.0,-0.607,0.0,0.795,0.7142535070034478,0.0,0.2790620195222367,1
0.797,0.0,0.604,0.0,1.0,0.0,-0.604,0.0,0.797,0.7156884045532004,0.0,0.27778622794392316,1
0.799,0.0,0.602,0.0,1.0,0.0,-0.602,0.0,0.799,0.7171227439551279,0.0,0.2765109326242413,1
0.801,0.0,0.599,0.0,1.0,0.0,-0.599,0.0,0.801,0.7185564893190024,0.0,0.2752361654737972,1
0.803,0.0,0.597,0.0,1.0,0.0,-0.597,0.0,0.803,0.7199896047769664,0.0,0.27396195838330717,1
0.804,0.0,0.594,0.0,1.0,0.0,-0.594,0.0,0.804,0.721422054484888,0.0,0.27268834322239244,1
0.806,0.0,0.591,0.0,1.0,0.0,-0.591,0.0,0.806,0.7228538026237187,0.0,0.27141535183837256,1
0.808,0.0,0.589,0.0,1.0,0.0,-0.589,0.0,0.808,0.7242848134008464,0.0,0.2701430160550616,1
0.81,0.0,0.586,0.0,1.0,0.0,-0.586,0.0,0.81,0.7257150510514533,0.0,0.2688713676715613,1
0.812,0.0,0.583,0.0,1.0,0.0,-0.583,0.0,0.812,0.7271444798398713,0.0,0.26760043846105613,1
0.814,0.0,0.581,0.0,1.0,0.0,-0.581,0.0,0.814,0.7285730640609361,0.0,0.26633026016960915,1
0.816,0.0,0.578,0.0,1.0,0.0,-0.578,0.0,0.816,0.7300007680413465,0.0,0.26506086451495325,1
0.818,0.0,0.575,0.0,1.0,0.0,-0.575,0.0,0.818,0.7314275561410157,0.0,0.2637922831852897,1
0.82,0.0,0.573,0.0,1.0,0.0,-0.573,0.0,0.82,0.7328533927544316,0.0,0.26252454783807916,1
0.822,0.0,0.57,0.0,1.0,0.0,-0.57,0.0,0.822,0.7342782423120086,0.0,0.26125769009883915,1
0.823,0.0,0.567,0.0,1.0,0.0,-0.567,0.0,0.823,0.7357020692814458,0.0,0.2599917415599368,1
0.825,0.0,0.565,0.0,1.0,0.0,-0.565,0.0,0.825,0.7371248381690829,0.0,0.2587267337793834,1
0.827,0.0,0.562,0.0,1.0,0.0,-0.562,0.0,0.827,0.7385465135212541,0.0,0.2574626982796303,1
0.829,0.0,0.559,0.0,1.0,0.0,-0.559,0.0,0.829,0.7399670599256458,0.0,0.25619966654636184,1
0.831,0.0,0.557,0.0,1.0,0.0,-0.557,0.0,0.831,0.7413864420126517,0.0,0.2549376700272909,1
0.832,0.0,0.554,0.0,1.0,0.0,-0.554,0.0,0.832,0.7428046244567279,0.0,0.25367674013095326,1
0.834,0.0,0.551,0.0,1.0,0.0,-0.551,0.0,0.834,0.7442215719777499,0.0,0.25241690822550195,1
0.836,0.0,0.549,0.0,1.0,0.0,-0.549,0.0,0.836,0.7456372493423672,0.0,0.25115820563750224,1
0.838,0.0,0.546,0.0,1.0,0.0,-0.546,0.0,0.838,0.7470516213653601,0.0,0.24990066365072566,1
0.84,0.0,0.543,0.0,1.0,0.0,-0.543,0.0,0.84,0.7484646529109952,0.0,0.24864431350494448,1
0.841,0.0,0.541,0.0,1.0,0.0,-0.541,0.0,0.841,0.7498763088943804,0.0,0.24738918639472718,1
0.843,0.0,0.538,0.0,1.0,0.0,-0.538,0.0,0.843,0.7512865542828221,0.0,0.24613531346823164,1
0.845,0.0,0.535,0.0,1.0,0.0,-0.535,0.0,0.845,0.7526953540971795,0.0,0.2448827258260011,1
0.846,0.0,0.532,0.0,1.0,0.0,-0.532,0.0,0.846,0.7541026734132213,0.0,0.24363145451975776,1
0.848,0.0,0.53,0.0,1.0,0.0,-0.53,0.0,0.848,0.7555084773629819,0.0,0.24238153055119732,1
0.85,0.0,0.527,0.0,1.0,0.0,-0.527,0.0,0.85,0.7569127311361158,0.0,0.24113298487078383,1
0.852,0.0,0.524,0.0,1.0,0.0,-0.524,0.0,0.852,0.758315399981254,0.0,0.23988584837654509,1
0.853,0.0,0.521,0.0,1.0,0.0,-0.521,0.0,0.853,0.7597164492073607,0.0,0.23864015191286522,1
0.855,0.0,0.519,0.0,1.0,0.0,-0.519,0.0,0.855,0.7611158441850882,0.0,0.2373959262692805,1
0.857,0.0,0.516,0.0,1.0,0.0,-0.516,0.0,0.857,0.7625135503481322,0.0,0.23615320217927424,1
0.858,0.0,0.513,0.0,1.0,0.0,-0.513,0.0,0.858,0.7639095331945883,0.0,0.2349120103190706,1
0.86,0.0,0.511,0.0,1.0,0.0,-0.511,0.0,0.86,0.7653037582883082,0.0,0.23367238130642914,1
0.861,0.0,0.508,0.0,1.0,0.0,-0.508,0.0,0.861,0.7666961912602548,0.0,0.2324343456994397,1
0.863,0.0,0.505,0.0,1.0,0.0,-0.505,0.0,0.863,0.768086797809858,0.0,0.2311979339953167,1
0.865,0.0,0.502,0.0,1.0,0.0,-0.502,0.0,0.865,0.7694755437063706,0.0,0.22996317662919402,1
0.866,0.0,0.5,0.0,1.0,0.0,-0.5,0.0,0.866,0.7708623947902238,0.0,0.22873010397291965,1
0.868,0.0,0.497,0.0,1.0,0.0,-0.497,0.0,0.868,0.7722473169743842,0.0,0.22749874633384903,1
0.869,0.0,0.494,0.0,1.0,0.0,-0.494,0.0,0.869,0.7736302762457077,0.0,0.2262691339536415,1
0.871,0.0,0.491,0.0,1.0,0.0,-0.491,0.0,0.871,0.7750112386662974,0.0,0.22504129700705278,1
0.872,0.0,0.489,0.0,1.0,0.0,-0.489,0.0,0.872,0.7763901703748564,0.0,0.22381526560073217,1
0.874,0.0,0.486,0.0,1.0,0.0,-0.486,0.0,0.874,0.7777670375880472,0.0,0.22259106977201404,1
0.876,0.0,0.483,0.0,1.0,0.0,-0.483,0.0,0.876,0.7791418066018455,0.0,0.22136873948771404,1
0.877,0.0,0.48,0.0,1.0,0.0,-0.48,0.0,0.877,0.7805144437928956,0.0,0.22014830464292415,1
0.879,0.0,0.478,0.0,1.0,0.0,-0.478,0.0,0.879,0.7818849156198665,0.0,0.2189297950598065,1
0.88,0.0,0.475,0.0,1.0,0.0,-0.475,0.0,0.88,0.7832531886248093,0.0,0.217713240486387,1
0.882,0.0,0.472,0.0,1.0,0.0,-0.472,0.0,0.882,0.7846192294345105,0.0,0.21649867059535197,1
0.883,0.0,0.469,0.0,1.0,0.0,-0.469,0.0,0.883,0.785983004761849,0.0,0.21528611498284117,1
0.884,0.0,0.467,0.0,1.0,0.0,-0.467,0.0,0.884,0.7873444814071527,0.0,0.21407560316724253,1
0.886,0.0,0.464,0.0,1.0,0.0,-0.464,0.0,0.886,0.7887036262595524,0.0,0.21286716458798732,1
0.887,0.0,0.461,0.0,1.0,0.0,-0.461,0.0,0.887,0.7900604062983394,0.0,0.21166082860434382,1
0.889,0.0,0.458,0.0,1.0,0.0,-0.458,0.0,0.889,0.7914147885943201,0.0,0.2104566244942126,1
0.89,0.0,0.456,0.0,1.0,0.0,-0.456,0.0,0.89,0.7927667403111722,0.0,0.20925458145292097,1
0.892,0.0,0.453,0.0,1.0,0.0,-0.453,0.0,0.892,0.7941162287068004,0.0,0.20805472859201718,1
0.893,0.0,0.45,0.0,1.0,0.0,-0.45,0.0,0.893,0.7954632211346925,0.0,0.20685709493806526,1
0.894,0.0,0.447,0.0,1.0,0.0,-0.447,0.0,0.894,0.7968076850452747,0.0,0.20566170943143924,1
0.896,0.0,0.445,0.0,1.0,0.0,-0.445,0.0,0.896,0.7981495879872673,0.0,0.2044686009251186,1
0.897,0.0,0.442,0.0,1.0,0.0,-0.442,0.0,0.897,0.799488897609042,0.0,0.20327779818348096,1
0.898,0.0,0.439,0.0,1.0,0.0,-0.439,0.0,0.898,0.8008255816599748,0.0,0.20208932988109923,1
0.9,0.0,0.436,0.0,1.0,0.0,-0.436,0.0,0.9,0.8021596079918047,0.0,0.2009032246015336,1
0.901,0.0,0.434,0.0,1.0,0.0,-0.434,0.0,0.901,0.8034909445599884,0.0,0.19971951083612755,1
0.902,0.0,0.431,0.0,1.0,0.0,-0.431,0.0,0.902,0.8048195594250545,0.0,0.1985382169828027,1
0.904,0.0,0.428,0.0,1.0,0.0,-0.428,0.0,0.904,0.8061454207539619,0.0,0.19735937134485215,1
0.905,0.0,0.426,0.0,1.0,0.0,-0.426,0.0,0.905,0.807468496821455,0.0,0.19618300212973488,1
0.906,0.0,0.423,0.0,1.0,0.0,-0.423,0.0,0.906,0.808788756011417,0.0,0.19500913744787315,1
0.907,0.0,0.42,0.0,1.0,0.0,-0.42,0.0,0.907,0.8101061668182291,0.0,0.19383780531144285,1
0.909,0.0,0.417,0.0,1.0,0.0,-0.417,0.0,0.909,0.811420697848124,0.0,0.19266903363317153,1
0.91,0.0,0.415,0.0,1.0,0.0,-0.415,0.0,0.91,0.8127323178205431,0.0,0.1915028502251304,1
0.911,0.0,0.412,0.0,1.0,0.0,-0.412,0.0,0.911,0.814040995569491,0.0,0.19033928279753104,1
0.912,0.0,0.409,0.0,1.0,0.0,-0.409,0.0,0.912,0.8153467000448925,0.0,0.18917835895751836,1
0.914,0.0,0.406,0.0,1.0,0.0,-0.406,0.0,0.914,0.8166494003139472,0.0,0.18802010620796605,1
0.915,0.0,0.404,0.0,1.0,0.0,-0.404,0.0,0.915,0.8179490655624866,0.0,0.18686455194627027,1
0.916,0.0,0.401,0.0,1.0,0.0,-0.401,0.0,0.916,0.8192456650963282,0.0,0.1857117234631456,1
0.917,0.0,0.398,0.0,1.0,0.0,-0.398,0.0,0.917,0.8205391683426327,0.0,0.18456164794141852,1
0.918,0.0,0.396,0.0,1.0,0.0,-0.396,0.0,0.918,0.8218295448512607,0.0,0.18341435245482085,1
0.92,0.0,0.393,0.0,1.0,0.0,-0.393,0.0,0.92,0.8231167642961242,0.0,0.182269863966788,1
0.921,0.0,0.39,0.0,1.0,0.0,-0.39,0.0,0.921,0.8244007964765483,0.0,0.18112820932924872,1
0.922,0.0,0.388,0.0,1.0,0.0,-0.388,0.0,0.922,0.8256816113186222,0.0,0.1799894152814238,1
0.923,0.0,0.385,0.0,1.0,0.0,-0.385,0.0,0.923,0.8269591788765577,0.0,0.17885350844861758,1
0.924,0.0,0.382,0.0,1.0,0.0,-0.382,0.0,0.924,0.8282334693340425,0.0,0.17772051534101563,1
0.925,0.0,0.38,0.0,1.0,0.0,-0.38,0.0,0.925,0.8295044530056,0.0,0.17659046235247527,1
0.926,0.0,0.377,0.0,1.0,0.0,-0.377,0.0,0.926,0.8307721003379411,0.0,0.1754633757593235,1
0.927,0.0,0.374,0.0,1.0,0.0,-0.374,0.0,0.927,0.8320363819113216,0.0,0.1743392817191504,1
0.928,0.0,0.371,0.0,1.0,0.0,-0.371,0.0,0.928,0.8332972684408975,0.0,0.1732182062696039,1
0.93,0.0,0.369,0.0,1.0,0.0,-0.369,0.0,0.93,0.8345547307780827,0.0,0.1721001753271829,1
0.931,0.0,0.366,0.0,1.0,0.0,-0.366,0.0,0.931,0.8358087399119019,0.0,0.17098521468603423,1
0.932,0.0,0.363,0.0,1.0,0.0,-0.363,0.0,0.932,0.8370592669703484,0.0,0.16987335001674517,1
0.933,0.0,0.361,0.0,1.0,0.0,-0.361,0.0,0.933,0.838306283221739,0.0,0.1687646068651392,1
0.934,0.0,0.358,0.0,1.0,0.0,-0.358,0.0,0.934,0.8395497600760702,0.0,0.16765901065106997,1
0.935,0.0,0.356,0.0,1.0,0.0,-0.356,0.0,0.935,0.8407896690863734,0.0,0.16655658666721632,1
0.936,0.0,0.353,0.0,1.0,0.0,-0.353,0.0,0.936,0.8420259819500718,0.0,0.16545736007787606,1
0.937,0.0,0.35,0.0,1.0,0.0,-0.35,0.0,0.937,0.8432586705103352,0.0,0.1643613559177612,1
0.938,0.0,0.348,0.0,1.0,0.0,-0.348,0.0,0.938,0.8444877067574357,0.0,0.16326859909079236,1
0.939,0.0,0.345,0.0,1.0,0.0,-0.345,0.0,0.939,0.845713062830104,0.0,0.1621791143688935,1
0.94,0.0,0.342,0.0,1.0,0.0,-0.342,0.0,0.94,0.8469347110168858,0.0,0.16109292639078512,1
0.941,0.0,0.34,0.0,1.0,0.0,-0.34,0.0,0.941,0.8481526237574954,0.0,0.16001005966078155,1
0.941,0.0,0.337,0.0,1.0,0.0,-0.337,0.0,0.941,0.8493667736441747,0.0,0.15893053854758238,1
0.942,0.0,0.335,0.0,1.0,0.0,-0.335,0.0,0.942,0.8505771334230455,0.0,0.15785438728306922,1
0.943,0.0,0.332,0.0,1.0,0.0,-0.332,0.0,0.943,0.8517836759954686,0.0,0.15678162996109907,1
0.944,0.0,0.329,0.0,1.0,0.0,-0.329,0.0,0.944,0.8529863744193957,0.0,0.15571229053630048,1
0.945,0.0,0.327,0.0,1.0,0.0,-0.327,0.0,0.945,0.8541852019107299,0.0,0.15464639282286535,1
0.946,0.0,0.324,0.0,1.0,0.0,-0.324,0.0,0.946,0.8553801318446782,0.0,0.15358396049334544,1
0.947,0.0,0.322,0.0,1.0,0.0,-0.322,0.0,0.947,0.856571137757107,0.0,0.15252501707744764,1
0.948,0.0,0.319,0.0,1.0,0.0,-0.319,0.0,0.948,0.8577581933459004,0.0,0.15146958596082613,1
0.949,0.0,0.317,0.0,1.0,0.0,-0.317,0.0,0.949,0.8589412724723147,0.0,0.15041769038387842,1
0.949,0.0,0.314,0.0,1.0,0.0,-0.314,0.0,0.949,0.8601203491623323,0.0,0.1493693534405407,1
0.95,0.0,0.311,0.0,1.0,0.0,-0.311,0.0,0.95,0.8612953976080214,0.0,0.14832459807707998,1
0.951,0.0,0.309,0.0,1.0,0.0,-0.309,0.0,0.951,0.8624663921688884,0.0,0.14728344709089095,1
0.952,0.0,0.306,0.0,1.0,0.0,-0.306,0.0,0.952,0.8636333073732357,0.0,0.14624592312928883,1
0.953,0.0,0.304,0.0,1.0,0.0,-0.304,0.0,0.953,0.8647961179195149,0.0,0.1452120486883066,1
0.954,0.0,0.301,0.0,1.0,0.0,-0.301,0.0,0.954,0.8659547986776871,0.0,0.144181846111485,1
0.954,0.0,0.299,0.0,1.0,0.0,-0.299,0.0,0.954,0.8671093246905748,0.0,0.14315533758867094,1
0.955,0.0,0.296,0.0,1.0,0.0,-0.296,0.0,0.955,0.8682596711752177,0.0,0.1421325451548116,1
0.956,0.0,0.294,0.0,1.0,0.0,-0.294,0.0,0.956,0.8694058135242315,0.0,0.1411134906887472,1
0.957,0.0,0.291,0.0,1.0,0.0,-0.291,0.0,0.957,0.8705477273071608,0.0,0.14009819591200676,1
0.957,0.0,0.289,0.0,1.0,0.0,-0.289,0.0,0.957,0.8716853882718357,0.0,0.13908668238760308,1
0.958,0.0,0.286,0.0,1.0,0.0,-0.286,0.0,0.958,0.8728187723457288,0.0,0.13807897151882584,1
0.959,0.0,0.284,0.0,1.0,0.0,-0.284,0.0,0.959,0.8739478556373098,0.0,0.1370750845480368,1
0.96,0.0,0.281,0.0,1.0,0.0,-0.281,0.0,0.96,0.8750726144374008,0.0,0.1360750425554656,1
0.96,0.0,0.279,0.0,1.0,0.0,-0.279,0.0,0.96,0.8761930252205333,0.0,0.13507886645800218,1
0.961,0.0,0.276,0.0,1.0,0.0,-0.276,0.0,0.961,0.8773090646463026,0.0,0.1340865770079938,1
0.962,0.0,0.274,0.0,1.0,0.0,-0.274,0.0,0.962,0.8784207095607266,0.0,0.13309819479203572,1
0.962,0.0,0.272,0.0,1.0,0.0,-0.272,0.0,0.962,0.8795279369975961,0.0,0.13211374022977132,1
0.963,0.0,0.269,0.0,1.0,0.0,-0.269,0.0,0.963,0.880630724179837,0.0,0.131133233572681,1
0.964,0.0,0.267,0.0,1.0,0.0,-0.267,0.0,0.964,0.8817290485208616,0.0,0.13015669490287998,1
0.964,0.0,0.264,0.0,1.0,0.0,-0.264,0.0,0.964,0.882822887625926,0.0,0.12918414413191254,1
0.965,0.0,0.262,0.0,1.0,0.0,-0.262,0.0,0.965,0.8839122192934858,0.0,0.1282156009995455,1
0.966,0.0,0.26,0.0,1.0,0.0,-0.26,0.0,0.966,0.8849970215165506,0.0,0.12725108507256483,1
0.966,0.0,0.257,0.0,1.0,0.0,-0.257,0.0,0.966,0.8860772724840427,0.0,0.1262906157435669,1
0.967,0.0,0.255,0.0,1.0,0.0,-0.255,0.0,0.967,0.8871529505821504,0.0,0.1253342122297559,1
0.968,0.0,0.252,0.0,1.0,0.0,-0.252,0.0,0.968,0.8882240343956842,0.0,0.12438189357173732,1
0.968,0.0,0.25,0.0,1.0,0.0,-0.25,0.0,0.968,0.8892905027094327,0.0,0.12343367863231312,1
0.969,0.0,0.248,0.0,1.0,0.0,-0.248,0.0,0.969,0.8903523345095199,0.0,0.1224895860952742,1
0.969,0.0,0.245,0.0,1.0,0.0,-0.245,0.0,0.969,0.8914095089847582,0.0,0.12154963446419799,1
0.97,0.0,0.243,0.0,1.0,0.0,-0.243,0.0,0.97,0.892462005528006,0.0,0.12061384206124122,1
0.971,0.0,0.241,0.0,1.0,0.0,-0.241,0.0,0.971,0.8935098037375235,0.0,0.11968222702593434,1
0.971,0.0,0.238,0.0,1.0,0.0,-0.238,0.0,0.971,0.8945528834183285,0.0,0.11875480731397625,1
0.972,0.0,0.236,0.0,1.0,0.0,-0.236,0.0,0.972,0.8955912245835503,0.0,0.11783160069603003,1
0.972,0.0,0.234,0.0,1.0,0.0,-0.234,0.0,0.972,0.896624807455789,0.0,0.1169126247565153,1
0.973,0.0,0.232,0.0,1.0,0.0,-0.232,0.0,0.973,0.8976536124684671,0.0,0.1159978968924055,1
0.973,0.0,0.229,0.0,1.0,0.0,-0.229,0.0,0.973,0.8986776202671888,0.0,0.11508743431202001,1
0.974,0.0,0.227,0.0,1.0,0.0,-0.227,0.0,0.974,0.899696811711095,0.0,0.11418125403381893,1
0.974,0.0,0.225,0.0,1.0,0.0,-0.225,0.0,0.974,0.9007111678742169,0.0,0.11327937288519993,1
0.975,0.0,0.223,0.0,1.0,0.0,-0.223,0.0,0.975,0.9017206700468348,0.0,0.11238180750128997,1
0.975,0.0,0.22,0.0,1.0,0.0,-0.22,0.0,0.975,0.9027252997368312,0.0,0.11148857432374193,1
0.976,0.0,0.218,0.0,1.0,0.0,-0.218,0.0,0.976,0.9037250386710494,0.0,0.11059968959952758,1
0.976,0.0,0.216,0.0,1.0,0.0,-0.216,0.0,0.976,0.9047198687966462,0.0,0.10971516937973352,1
0.977,0.0,0.214,0.0,1.0,0.0,-0.214,0.0,0.977,0.9057097722824512,0.0,0.1088350295183538,1
0.977,0.0,0.211,0.0,1.0,0.0,-0.211,0.0,0.977,0.906694731520318,0.0,0.10795928567108798,1
0.978,0.0,0.209,0.0,1.0,0.0,-0.209,0.0,0.978,0.9076747291264851,0.0,0.10708795329413115,1
0.978,0.0,0.207,0.0,1.0,0.0,-0.207,0.0,0.978,0.9086497479429273,0.0,0.10622104764297247,1
0.979,0.0,0.205,0.0,1.0,0.0,-0.205,0.0,0.979,0.9096197710387155,0.0,0.10535858377118613,1
0.979,0.0,0.203,0.0,1.0,0.0,-0.203,0.0,0.979,0.9105847817113677,0.0,0.10450057652923028,1
0.98,0.0,0.201,0.0,1.0,0.0,-0.201,0.0,0.98,0.9115447634882107,0.0,0.10364704056323606,1
0.98,0.0,0.198,0.0,1.0,0.0,-0.198,0.0,0.98,0.9124997001277292,0.0,0.10279799031380826,1
0.981,0.0,0.196,0.0,1.0,0.0,-0.196,0.0,0.981,0.9134495756209272,0.0,0.10195344001481477,1
0.981,0.0,0.194,0.0,1.0,0.0,-0.194,0.0,0.981,0.9143943741926813,0.0,0.1011134036921836,1
0.981,0.0,0.192,0.0,1.0,0.0,-0.192,0.0,0.981,0.915334080303097,0.0,0.10027789516269668,1
0.982,0.0,0.19,0.0,1.0,0.0,-0.19,0.0,0.982,0.9162686786488625,0.0,0.0994469280327862,1
0.982,0.0,0.188,0.0,1.0,0.0,-0.188,0.0,0.982,0.91719815416461,0.0,0.0986205156973245,1
0.983,0.0,0.186,0.0,1.0,0.0,-0.186,0.0,0.983,0.9181224920242629,0.0,0.09779867133842587,1
0.983,0.0,0.184,0.0,1.0,0.0,-0.184,0.0,0.983,0.9190416776424,0.0,0.09698140792423406,1
0.983,0.0,0.182,0.0,1.0,0.0,-0.182,0.0,0.983,0.9199556966756076,0.0,0.09616873820771968,1
0.984,0.0,0.18,0.0,1.0,0.0,-0.18,0.0,0.984,0.9208645350238326,0.0,0.09536067472547742,1
0.984,0.0,0.178,0.0,1.0,0.0,-0.178,0.0,0.984,0.9217681788317451,0.0,0.09455722979651454,1
0.984,0.0,0.176,0.0,1.0,0.0,-0.176,0.0,0.984,0.9226666144900859,0.0,0.09375841552105248,1
0.985,0.0,0.174,0.0,1.0,0.0,-0.174,0.0,0.985,0.9235598286370306,0.0,0.09296424377931449,1
0.985,0.0,0.172,0.0,1.0,0.0,-0.172,0.0,0.985,0.9244478081595379,0.0,0.09217472623032644,1
0.986,0.0,0.17,0.0,1.0,0.0,-0.17,0.0,0.986,0.9253305401947122,0.0,0.09138987431070522,1
0.986,0.0,0.168,0.0,1.0,0.0,-0.168,0.0,0.986,0.9262080121311526,0.0,0.09060969923346006,1
0.986,0.0,0.166,0.0,1.0,0.0,-0.166,0.0,0.986,0.927080211610315,0.0,0.08983421198678043,1
0.986,0.0,0.164,0.0,1.0,0.0,-0.164,0.0,0.986,0.9279471265278623,0.0,0.08906342333283648,1
0.987,0.0,0.162,0.0,1.0,0.0,-0.162,0.0,0.987,0.9288087450350254,0.0,0.08829734380656822,1
0.987,0.0,0.16,0.0,1.0,0.0,-0.16,0.0,0.987,0.9296650555399559,0.0,0.08753598371448351,1
0.987,0.0,0.158,0.0,1.0,0.0,-0.158,0.0,0.987,0.9305160467090803,0.0,0.08677935313345331,1
0.988,0.0,0.156,0.0,1.0,0.0,-0.156,0.0,0.988,0.9313617074684614,0.0,0.08602746190950167,1
0.988,0.0,0.154,0.0,1.0,0.0,-0.154,0.0,0.988,0.9322020270051471,0.0,0.08528031965660636,1
0.988,0.0,0.152,0.0,1.0,0.0,-0.152,0.0,0.988,0.9330369947685322,0.0,0.08453793575548829,1
0.989,0.0,0.15,0.0,1.0,0.0,-0.15,0.0,0.989,0.9338666004717107,0.0,0.08380031935240888,1
0.989,0.0,0.149,0.0,1.0,0.0,-0.149,0.0,0.989,0.9346908340928326,0.0,0.08306747935796349,1
0.989,0.0,0.147,0.0,1.0,0.0,-0.147,0.0,0.989,0.9355096858764608,0.0,0.08233942444587586,1
0.989,0.0,0.145,0.0,1.0,0.0,-0.145,0.0,0.989,0.9363231463349223,0.0,0.08161616305179568,1
0.99,0.0,0.143,0.0,1.0,0.0,-0.143,0.0,0.99,0.9371312062496728,0.0,0.08089770337208595,1
0.99,0.0,0.141,0.0,1.0,0.0,-0.141,0.0,0.99,0.9379338566726417,0.0,0.08018405336262695,1
0.99,0.0,0.139,0.0,1.0,0.0,-0.139,0.0,0.99,0.938731088927598,0.0,0.07947522073760184,1
0.99,0.0,0.138,0.0,1.0,0.0,-0.138,0.0,0.99,0.939522894611497,0.0,0.07877121296829918,1
0.991,0.0,0.136,0.0,1.0,0.0,-0.136,0.0,0.991,0.9403092655958442,0.0,0.07807203728190036,1
0.991,0.0,0.134,0.0,1.0,0.0,-0.134,0.0,0.991,0.9410901940280445,0.0,0.07737770066027976,1
0.991,0.0,0.132,0.0,1.0,0.0,-0.132,0.0,0.991,0.9418656723327627,0.0,0.07668820983879565,1
0.991,0.0,0.131,0.0,1.0,0.0,-0.131,0.0,0.991,0.9426356932132776,0.0,0.07600357130508577,1
0.992,0.0,0.129,0.0,1.0,0.0,-0.129,0.0,0.992,0.9434002496528354,0.0,0.07532379129786405,1
0.992,0.0,0.127,0.0,1.0,0.0,-0.127,0.0,0.992,0.9441593349160102,0.0,0.07464887580571097,1
0.992,0.0,0.125,0.0,1.0,0.0,-0.125,0.0,0.992,0.9449129425500559,0.0,0.07397883056587212,1
0.992,0.0,0.124,0.0,1.0,0.0,-0.124,0.0,0.992,0.9456610663862626,0.0,0.07331366106305091,1
0.993,0.0,0.122,0.0,1.0,0.0,-0.122,0.0,0.993,0.9464037005413155,0.0,0.07265337252820192,1
0.993,0.0,0.12,0.0,1.0,0.0,-0.12,0.0,0.993,0.9471408394186472,0.0,0.07199796993732735,1
0.993,0.0,0.119,0.0,1.0,0.0,-0.119,0.0,0.993,0.9478724777097938,0.0,0.07134745801027206,1
0.993,0.0,0.117,0.0,1.0,0.0,-0.117,0.0,0.993,0.9485986103957512,0.0,0.07070184120951684,1
0.993,0.0,0.115,0.0,1.0,0.0,-0.115,0.0,0.993,0.9493192327483344,0.0,0.07006112373897083,1
0.994,0.0,0.114,0.0,1.0,0.0,-0.114,0.0,0.994,0.9500343403315258,0.0,0.06942530954277192,1
0.994,0.0,0.112,0.0,1.0,0.0,-0.112,0.0,0.994,0.9507439290028381,0.0,0.06879440230407523,1
0.994,0.0,0.111,0.0,1.0,0.0,-0.111,0.0,0.994,0.9514479949146663,0.0,0.06816840544385137,1
0.994,0.0,0.109,0.0,1.0,0.0,-0.109,0.0,0.994,0.9521465345156449,0.0,0.06754732211967902,1
0.994,0.0,0.107,0.0,1.0,0.0,-0.107,0.0,0.994,0.9528395445520018,0.0,0.06693115522454182,1
0.994,0.0,0.106,0.0,1.0,0.0,-0.106,0.0,0.994,0.953527022068918,0.0,0.0663199073856192,1
0.995,0.0,0.104,0.0,1.0,0.0,-0.104,0.0,0.995,0.9542089644118779,0.0,0.06571358096308565,1
0.995,0.0,0.103,0.0,1.0,0.0,-0.103,0.0,0.995,0.954885369228031,0.0,0.06511217804890009,1
0.995,0.0,0.101,0.0,1.0,0.0,-0.101,0.0,0.995,0.9555562344675419,0.0,0.06451570046560581,1
0.995,0.0,0.1,0.0,1.0,0.0,-0.1,0.0,0.995,0.956221558384952,0.0,0.06392414976511929,1
0.995,0.0,0.098,0.0,1.0,0.0,-0.098,0.0,0.995,0.9568813395405287,0.0,0.06333752722753133,1
0.995,0.0,0.097,0.0,1.0,0.0,-0.097,0.0,0.995,0.9575355768016279,0.0,0.0627558338598945,1
0.995,0.0,0.095,0.0,1.0,0.0,-0.095,0.0,0.995,0.9581842693440451,0.0,0.06217907039502315,1
0.996,0.0,0.094,0.0,1.0,0.0,-0.094,0.0,0.996,0.9588274166533733,0.0,0.06160723729028515,1
0.996,0.0,0.092,0.0,1.0,0.0,-0.092,0.0,0.996,0.9594650185263566,0.0,0.06104033472639873,1
0.996,0.0,0.091,0.0,1.0,0.0,-0.091,0.0,0.996,0.9600970750722497,0.0,0.060478362606223676,1
0.996,0.0,0.09,0.0,1.0,0.0,-0.09,0.0,0.996,0.960723586714169,0.0,0.05992132055356013,1
0.996,0.0,0.088,0.0,1.0,0.0,-0.088,0.0,0.996,0.9613445541904551,0.0,0.059369207911937116,1
0.996,0.0,0.087,0.0,1.0,0.0,-0.087,0.0,0.996,0.9619599785560184,0.0,0.058822023743415705,1
0.996,0.0,0.085,0.0,1.0,0.0,-0.085,0.0,0.996,0.9625698611837075,0.0,0.0582797668273734,1
0.996,0.0,0.084,0.0,1.0,0.0,-0.084,0.0,0.996,0.9631742037656529,0.0,0.0577424356593083,1
0.997,0.0,0.083,0.0,1.0,0.0,-0.083,0.0,0.997,0.9637730083146311,0.0,0.05721002844962711,1
0.997,0.0,0.081,0.0,1.0,0.0,-0.081,0.0,0.997,0.9643662771654167,0.0,0.05668254312244212,1
0.997,0.0,0.08,0.0,1.0,0.0,-0.08,0.0,0.997,0.9649540129761394,0.0,0.056159977314365735,1
0.997,0.0,0.079,0.0,1.0,0.0,-0.079,0.0,0.997,0.9655362187296396,0.0,0.0556423283733042,1
0.997,0.0,0.077,0.0,1.0,0.0,-0.077,0.0,0.997,0.966112897734823,0.0,0.0551295933572536,1
0.997,0.0,0.076,0.0,1.0,0.0,-0.076,0.0,0.997,0.9666840536280179,0.0,0.054621769033093404,1
0.997,0.0,0.075,0.0,1.0,0.0,-0.075,0.0,0.997,0.9672496903743312,0.0,0.05411885187538025,1
0.997,0.0,0.073,0.0,1.0,0.0,-0.073,0.0,0.997,0.9678098122690022,0.0,0.05362083806514435,1
0.997,0.0,0.072,0.0,1.0,0.0,-0.072,0.0,0.997,0.9683644239387607,0.0,0.053127723488682624,1
0.997,0.0,0.071,0.0,1.0,0.0,-0.071,0.0,0.997,0.9689135303431805,0.0,0.05263950373635411,1
0.998,0.0,0.07,0.0,1.0,0.0,-0.07,0.0,0.998,0.9694571367760392,0.0,0.05215617410137231,1
0.998,0.0,0.068,0.0,1.0,0.0,-0.068,0.0,0.998,0.9699952488666669,0.0,0.05167772957860485,1
0.998,0.0,0.067,0.0,1.0,0.0,-0.067,0.0,0.998,0.9705278725813098,0.0,0.05120416486336184,1
0.998,0.0,0.066,0.0,1.0,0.0,-0.066,0.0,0.998,0.9710550142244806,0.0,0.05073547435019479,1
0.998,0.0,0.065,0.0,1.0,0.0,-0.065,0.0,0.998,0.9715766804403168,0.0,0.0502716521316892,1
0.998,0.0,0.064,0.0,1.0,0.0,-0.064,0.0,0.998,0.9720928782139362,0.0,0.049812691997259045,1
0.998,0.0,0.063,0.0,1.0,0.0,-0.063,0.0,0.998,0.9726036148727919,0.0,0.04935858743194249,1
0.998,0.0,0.061,0.0,1.0,0.0,-0.061,0.0,0.998,0.9731088980880285,0.0,0.0489093316151957,1
0.998,0.0,0.06,0.0,1.0,0.0,-0.06,0.0,0.998,0.9736087358758366,0.0,0.04846491741968856,1
0.998,0.0,0.059,0.0,1.0,0.0,-0.059,0.0,0.998,0.9741031365988134,0.0,0.04802533741009502,1
0.998,0.0,0.058,0.0,1.0,0.0,-0.058,0.0,0.998,0.9745921089673112,0.0,0.04759058384189423,1
0.998,0.0,0.057,0.0,1.0,0.0,-0.057,0.0,0.998,0.9750756620407992,0.0,0.04716064866015939,1
0.998,0.0,0.056,0.0,1.0,0.0,-0.056,0.0,0.998,0.9755538052292159,0.0,0.04673552349835596,1
0.999,0.0,0.055,0.0,1.0,0.0,-0.055,0.0,0.999,0.9760265482943269,0.0,0.046315199677133476,1
0.999,0.0,0.054,0.0,1.0,0.0,-0.054,0.0,0.999,0.9764939013510782,0.0,0.045899668203123196,1
0.999,0.0,0.053,0.0,1.0,0.0,-0.053,0.0,0.999,0.9769558748689565,0.0,0.045488919767728064,1
0.999,0.0,0.052,0.0,1.0,0.0,-0.052,0.0,0.999,0.9774124796733389,0.0,0.0450829447459232,1
0.999,0.0,0.051,0.0,1.0,0.0,-0.051,0.0,0.999,0.9778637269468528,0.0,0.04468173319504612,1
0.999,0.0,0.05,0.0,1.0,0.0,-0.05,0.0,0.999,0.9783096282307328,0.0,0.04428527485359071,1
0.999,0.0,0.048,0.0,1.0,0.0,-0.048,0.0,0.999,0.9787501954261716,0.0,0.043893559140006144,1
0.999,0.0,0.048,0.0,1.0,0.0,-0.048,0.0,0.999,0.9791854407956798,0.0,0.04350657515148771,1
0.999,0.0,0.047,0.0,1.0,0.0,-0.047,0.0,0.999,0.9796153769644412,0.0,0.043124311662771836,1
0.999,0.0,0.046,0.0,1.0,0.0,-0.046,0.0,0.999,0.9800400169216658,0.0,0.042746757124933275,1
0.999,0.0,0.045,0.0,1.0,0.0,-0.045,0.0,0.999,0.98045937402195,0.0,0.04237389966417522,1
0.999,0.0,0.044,0.0,1.0,0.0,-0.044,0.0,0.999,0.980873461986629,0.0,0.04200572708062772,1
0.999,0.0,0.043,0.0,1.0,0.0,-0.043,0.0,0.999,0.9812822949051342,0.0,0.041642226847139766,1
0.999,0.0,0.042,0.0,1.0,0.0,-0.042,0.0,0.999,0.9816858872363469,0.0,0.041283386108076685,1
0.999,0.0,0.041,0.0,1.0,0.0,-0.041,0.0,0.999,0.9820842538099569,0.0,0.04092919167811128,1
0.999,0.0,0.04,0.0,1.0,0.0,-0.04,0.0,0.999,0.9824774098278168,0.0,0.040579630041020526,1
0.999,0.0,0.039,0.0,1.0,0.0,-0.039,0.0,0.999,0.9828653708652981,0.0,0.040234687348479334,1
0.999,0.0,0.038,0.0,1.0,0.0,-0.038,0.0,0.999,0.9832481528726462,0.0,0.03989434941885579,1
0.999,0.0,0.037,0.0,1.0,0.0,-0.037,0.0,0.999,0.9836257721763376,0.0,0.039558601736004714,1
0.999,0.0,0.037,0.0,1.0,0.0,-0.037,0.0,0.999,0.9839982454804347,0.0,0.0392274294480629,1
0.999,0.0,0.036,0.0,1.0,0.0,-0.036,0.0,0.999,0.9843655898679424,0.0,0.03890081736624287,1
0.999,0.0,0.035,0.0,1.0,0.0,-0.035,0.0,0.999,0.98472782280216,0.0,0.03857874996363126,1
0.999,0.0,0.034,0.0,1.0,0.0,-0.034,0.0,0.999,0.985084962128045,0.0,0.038261211373975645,1
0.999,0.0,0.033,0.0,1.0,0.0,-0.033,0.0,0.999,0.9854370260735623,0.0,0.03794818539048551,1
0.999,0.0,0.032,0.0,1.0,0.0,-0.032,0.0,0.999,0.9857840332510406,0.0,0.037639655464626054,1
0.999,0.0,0.032,0.0,1.0,0.0,-0.032,0.0,0.999,0.9861260026585305,0.0,0.03733560470491032,1
1.0,0.0,0.031,0.0,1.0,0.0,-0.031,0.0,1.0,0.9864629536811594,0.0,0.03703601587569511,1
1.0,0.0,0.03,0.0,1.0,0.0,-0.03,0.0,1.0,0.9867949060924878,0.0,0.03674087139597479,1
1.0,0.0,0.029,0.0,1.0,0.0,-0.029,0.0,1.0,0.9871218800558613,0.0,0.03645015333817919,1
1.0,0.0,0.029,0.0,1.0,0.0,-0.029,0.0,1.0,0.9874438961257749,0.0,0.036163843426960614,1
1.0,0.0,0.028,0.0,1.0,0.0,-0.028,0.0,1.0,0.9877609752492177,0.0,0.035881923037998247,1
1.0,0.0,0.027,0.0,1.0,0.0,-0.027,0.0,1.0,0.9880731387670364,0.0,0.03560437319678593,1
1.0,0.0,0.027,0.0,1.0,0.0,-0.027,0.0,1.0,0.98838040841529,0.0,0.03533117457742736,1
1.0,0.0,0.026,0.0,1.0,0.0,-0.026,0.0,1.0,0.9886828063266062,0.0,0.03506230750143066,1
1.0,0.0,0.025,0.0,1.0,0.0,-0.025,0.0,1.0,0.9889803550315313,0.0,0.03479775193650762,1
1.0,0.0,0.024,0.0,1.0,0.0,-0.024,0.0,1.0,0.9892730774598896,0.0,0.03453748749536518,1
1.0,0.0,0.024,0.0,1.0,0.0,-0.024,0.0,1.0,0.9895609969421493,0.0,0.03428149343449115,1
1.0,0.0,0.023,0.0,1.0,0.0,-0.023,0.0,1.0,0.9898441372107571,0.0,0.0340297486529674,1
1.0,0.0,0.023,0.0,1.0,0.0,-0.023,0.0,1.0,0.9901225224015106,0.0,0.03378223169125007,1
1.0,0.0,0.022,0.0,1.0,0.0,-0.022,0.0,1.0,0.9903961770549141,0.0,0.03353892072996309,1
1.0,0.0,0.021,0.0,1.0,0.0,-0.021,0.0,1.0,0.9906651261175214,0.0,0.03329979358870559,1
1.0,0.0,0.021,0.0,1.0,0.0,-0.021,0.0,1.0,0.9909293949433026,0.0,0.03306482772483568,1
1.0,0.0,0.02,0.0,1.0,0.0,-0.02,0.0,1.0,0.9911890092950002,0.0,0.03283400023226501,1
1.0,0.0,0.02,0.0,1.0,0.0,-0.02,0.0,1.0,0.9914439953454773,0.0,0.03260728784026028,1
1.0,0.0,0.019,0.0,1.0,0.0,-0.019,0.0,1.0,0.9916943796790813,0.0,0.03238466691223049,1
1.0,0.0,0.018,0.0,1.0,0.0,-0.018,0.0,1.0,0.9919401892929912,0.0,0.03216611344452898,1
1.0,0.0,0.018,0.0,1.0,0.0,-0.018,0.0,1.0,0.9921814515985834,0.0,0.031951603065239434,1
1.0,0.0,0.017,0.0,1.0,0.0,-0.017,0.0,1.0,0.9924181944227815,0.0,0.03174111103297547,1
1.0,0.0,0.017,0.0,1.0,0.0,-0.017,0.0,1.0,0.9926504460094115,0.0,0.03153461223567545,1
1.0,0.0,0.016,0.0,1.0,0.0,-0.016,0.0,1.0,0.9928782350205567,0.0,0.031332081189398606,1
1.0,0.0,0.016,0.0,1.0,0.0,-0.016,0.0,1.0,0.9931015905379234,0.0,0.03113349203711017,1
1.0,0.0,0.015,0.0,1.0,0.0,-0.015,0.0,1.0,0.9933205420641803,0.0,0.030938818547490147,1
1.0,0.0,0.015,0.0,1.0,0.0,-0.015,0.0,1.0,0.9935351195243305,0.0,0.03074803411371449,1
1.0,0.0,0.014,0.0,1.0,0.0,-0.014,0.0,1.0,0.9937453532670537,0.0,0.030561111752261033,1
1.0,0.0,0.014,0.0,1.0,0.0,-0.014,0.0,1.0,0.9939512740660744,0.0,0.03037802410169283,1
1.0,0.0,0.013,0.0,1.0,0.0,-0.013,0.0,1.0,0.9941529131215059,0.0,0.03019874342146381,1
1.0,0.0,0.013,0.0,1.0,0.0,-0.013,0.0,1.0,0.9943503020612159,0.0,0.030023241590704096,1
1.0,0.0,0.012,0.0,1.0,0.0,-0.012,0.0,1.0,0.9945434729421732,0.0,0.029851490107022732,1
1.0,0.0,0.012,0.0,1.0,0.0,-0.012,0.0,1.0,0.994732458251816,0.0,0.029683460085291324,1
1.0,0.0,0.012,0.0,1.0,0.0,-0.012,0.0,1.0,0.9949172909093909,0.0,0.029519122256453294,1
1.0,0.0,0.011,0.0,1.0,0.0,-0.011,0.0,1.0,0.995098004267325,0.0,0.029358446966303874,1
1.0,0.0,0.011,0.0,1.0,0.0,-0.011,0.0,1.0,0.9952746321125707,0.0,0.02920140417429478,1
1.0,0.0,0.01,0.0,1.0,0.0,-0.01,0.0,1.0,0.9954472086679673,0.0,0.02904796345232317,1
1.0,0.0,0.01,0.0,1.0,0.0,-0.01,0.0,1.0,0.9956157685935929,0.0,0.02889809398352977,1
1.0,0.0,0.01,0.0,1.0,0.0,-0.01,0.0,1.0,0.9957803469881247,0.0,0.028751764561089757,1
1.0,0.0,0.009,0.0,1.0,0.0,-0.009,0.0,1.0,0.9959409793901898,0.0,0.028608943587010896,1
1.0,0.0,0.009,0.0,1.0,0.0,-0.009,0.0,1.0,0.9960977017797211,0.0,0.028469599070929035,1
1.0,0.0,0.009,0.0,1.0,0.0,-0.009,0.0,1.0,0.9962505505793227,0.0,0.02833369862889365,1
1.0,0.0,0.008,0.0,1.0,0.0,-0.008,0.0,1.0,0.9963995626556102,0.0,0.02820120948217541,1
1.0,0.0,0.008,0.0,1.0,0.0,-0.008,0.0,1.0,0.9965447753205795,0.0,0.028072098456050788,1
1.0,0.0,0.008,0.0,1.0,0.0,-0.008,0.0,1.0,0.996686226332959,0.0,0.027946331978598263,1
1.0,0.0,0.007,0.0,1.0,0.0,-0.007,0.0,1.0,0.9968239538995572,0.0,0.02782387607950081,1
1.0,0.0,0.007,0.0,1.0,0.0,-0.007,0.0,1.0,0.9969579966766315,0.0,0.027704696388829025,1
1.0,0.0,0.007,0.0,1.0,0.0,-0.007,0.0,1.0,0.9970883937712359,0.0,0.02758875813584268,1
1.0,0.0,0.006,0.0,1.0,0.0,-0.006,0.0,1.0,0.9972151847425769,0.0,0.02747602614778472,1
1.0,0.0,0.006,0.0,1.0,0.0,-0.006,0.0,1.0,0.997338409603376,0.0,0.027366464848670724,1
1.0,0.0,0.006,0.0,1.0,0.0,-0.006,0.0,1.0,0.9974581088212157,0.0,0.02726003825809162,1
1.0,0.0,0.006,0.0,1.0,0.0,-0.006,0.0,1.0,0.9975743233199013,0.0,0.027156709990002626,1
1.0,0.0,0.005,0.0,1.0,0.0,-0.005,0.0,1.0,0.9976870944808162,0.0,0.027056443251519003,1
1.0,0.0,0.005,0.0,1.0,0.0,-0.005,0.0,1.0,0.9977964641442777,0.0,0.02695920084170979,1
1.0,0.0,0.005,0.0,1.0,0.0,-0.005,0.0,1.0,0.9979024746108917,0.0,0.026864945150394056,1
1.0,0.0,0.005,0.0,1.0,0.0,-0.005,0.0,1.0,0.9980051686429063,0.0,0.02677363815693659,1
1.0,0.0,0.004,0.0,1.0,0.0,-0.004,0.0,1.0,0.9981045894655748,0.0,0.026685241429036874,1
1.0,0.0,0.004,0.0,1.0,0.0,-0.004,0.0,1.0,0.998200780768505,0.0,0.02659971612152862,1
1.0,0.0,0.004,0.0,1.0,0.0,-0.004,0.0,1.0,0.9982937867070144,0.0,0.02651702297517557,1
1.0,0.0,0.004,0.0,1.0,0.0,-0.004,0.0,1.0,0.9983836519034893,0.0,0.02643712231546231,1
1.0,0.0,0.003,0.0,1.0,0.0,-0.003,0.0,1.0,0.9984704214487443,0.0,0.026359974051386147,1
1.0,0.0,0.003,0.0,1.0,0.0,-0.003,0.0,1.0,0.9985541409033686,0.0,0.02628553767426009,1
1.0,0.0,0.003,0.0,1.0,0.0,-0.003,0.0,1.0,0.9986348562990874,0.0,0.02621377225650179,1
1.0,0.0,0.003,0.0,1.0,0.0,-0.003,0.0,1.0,0.9987126141401189,0.0,0.026144636450427798,1
1.0,0.0,0.003,0.0,1.0,0.0,-0.003,0.0,1.0,0.9987874614045236,0.0,0.026078088487053192,1
1.0,0.0,0.003,0.0,1.0,0.0,-0.003,0.0,1.0,0.9988594455455734,0.0,0.02601408617487467,1
1.0,0.0,0.002,0.0,1.0,0.0,-0.002,0.0,1.0,0.9989286144930886,0.0,0.025952586898681775,1
1.0,0.0,0.002,0.0,1.0,0.0,-0.002,0.0,1.0,0.9989950166548103,0.0,0.02589354761833667,1
1.0,0.0,0.002,0.0,1.0,0.0,-0.002,0.0,1.0,0.9990587009177487,0.0,0.025836924867575134,1
1.0,0.0,0.002,0.0,1.0,0.0,-0.002,0.0,1.0,0.9991197166495374,0.0,0.025782674752802815,1
1.0,0.0,0.002,0.0,1.0,0.0,-0.002,0.0,1.0,0.9991781136997933,0.0,0.025730752951885583,1
1.0,0.0,0.002,0.0,1.0,0.0,-0.002,0.0,1.0,0.9992339424014706,0.0,0.025681114712946256,1
1.0,0.0,0.002,0.0,1.0,0.0,-0.002,0.0,1.0,0.9992872535722143,0.0,0.025633714853160783,1
1.0,0.0,0.002,0.0,1.0,0.0,-0.002,0.0,1.0,0.9993380985157222,0.0,0.025588507757547185,1
1.0,0.0,0.001,0.0,1.0,0.0,-0.001,0.0,1.0,0.9993865290230969,0.0,0.0255454473777642,1
1.0,0.0,0.001,0.0,1.0,0.0,-0.001,0.0,1.0,0.9994325973741941,0.0,0.025504487230911345,1
1.0,0.0,0.001,0.0,1.0,0.0,-0.001,0.0,1.0,0.9994763563389973,0.0,0.02546558039830769,1
1.0,0.0,0.001,0.0,1.0,0.0,-0.001,0.0,1.0,0.9995178591789519,0.0,0.025428679524305026,1
1.0,0.0,0.001,0.0,1.0,0.0,-0.001,0.0,1.0,0.9995571596483369,0.0,0.025393736815068554,1
1.0,0.0,0.001,0.0,1.0,0.0,-0.001,0.0,1.0,0.9995943119956132,0.0,0.025360704037377953,1
1.0,0.0,0.001,0.0,1.0,0.0,-0.001,0.0,1.0,0.9996293709647817,0.0,0.02532953251742018,1
1.0,0.0,0.001,0.0,1.0,0.0,-0.001,0.0,1.0,0.9996623917967371,0.0,0.025300173139585203,1
1.0,0.0,0.001,0.0,1.0,0.0,-0.001,0.0,1.0,0.999693430230627,0.0,0.025272576345258323,1
1.0,0.0,0.001,0.0,1.0,0.0,-0.001,0.0,1.0,0.9997225425052033,0.0,0.025246692131617836,1
1.0,0.0,0.001,0.0,1.0,0.0,-0.001,0.0,1.0,0.9997497853601846,0.0,0.025222470050424453,1
1.0,0.0,0.001,0.0,1.0,0.0,-0.001,0.0,1.0,0.9997752160376022,0.0,0.025199859206823827,1
1.0,0.0,0.0,0.0,1.0,0.0,-0.0,0.0,1.0,0.9997988922831672,0.0,0.02517880825813206,1
1.0,0.0,0.0,0.0,1.0,0.0,-0.0,0.0,1.0,0.9998208723476146,0.0,0.025159265412639218,1
1.0,0.0,0.0,0.0,1.0,0.0,-0.0,0.0,1.0,0.9998412149880735,0.0,0.025141178428392426,1
1.0,0.0,0.0,0.0,1.0,0.0,-0.0,0.0,1.0,0.9998599794694049,0.0,0.025124494612005648,1
1.0,0.0,0.0,0.0,1.0,0.0,-0.0,0.0,1.0,0.9998772255655757,0.0,0.025109160817437984,1
1.0,0.0,0.0,0.0,1.0,0.0,-0.0,0.0,1.0,0.9998930135609954,0.0,0.02509512344480583,1
1.0,0.0,0.0,0.0,1.0,0.0,-0.0,0.0,1.0,0.9999074042518968,0.0,0.025082328439154422,1
1.0,0.0,0.0,0.0,1.0,0.0,-0.0,0.0,1.0,0.9999204589476643,0.0,0.025070721289277734,1
1.0,0.0,0.0,0.0,1.0,0.0,-0.0,0.0,1.0,0.9999322394722089,0.0,0.025060247026495334,1
1.0,0.0,0.0,0.0,1.0,0.0,-0.0,0.0,1.0,0.9999428081653152,0.0,0.025050850223454404,1
1.0,0.0,0.0,0.0,1.0,0.0,-0.0,0.0,1.0,0.9999522278840038,0.0,0.025042474992919627,1
1.0,0.0,0.0,0.0,1.0,0.0,-0.0,0.0,1.0,0.9999605620038801,0.0,0.02503506498657281,1
1.0,0.0,0.0,0.0,1.0,0.0,-0.0,0.0,1.0,0.9999678744204912,0.0,0.02502856339380665,1
1.0,0.0,0.0,0.0,1.0,0.0,-0.0,0.0,1.0,0.9999742295506882,0.0,0.025022912940514164,1
1.0,0.0,0.0,0.0,1.0,0.0,-0.0,0.0,1.0,0.9999796923339742,0.0,0.02501805588788926,1
1.0,0.0,0.0,0.0,1.0,0.0,-0.0,0.0,1.0,0.9999843282338617,0.0,0.025013934031220503,1
1.0,0.0,0.0,0.0,1.0,0.0,-0.0,0.0,1.0,0.9999882032392349,0.0,0.025010488698679608,1
1.0,0.0,0.0,0.0,1.0,0.0,-0.0,0.0,1.0,0.9999913838656976,0.0,0.02500766075012292,1
1.0,0.0,0.0,0.0,1.0,0.0,-0.0,0.0,1.0,0.9999939371569283,0.0,0.0250053905758867,1
1.0,0.0,0.0,0.0,1.0,0.0,-0.0,0.0,1.0,0.9999959306860493,0.0,0.02500361809556974,1
1.0,0.0,0.0,0.0,1.0,0.0,-0.0,0.0,1.0,0.9999974325569614,0.0,0.025002282756847016,1
1.0,0.0,0.0,0.0,1.0,0.0,-0.0,0.0,1.0,0.9999985114057184,0.0,0.025001323534247017,1
1.0,0.0,0.0,0.0,1.0,0.0,-0.0,0.0,1.0,0.9999992364018716,0.0,0.025000678927956627,1
1.0,0.0,0.0,0.0,1.0,0.0,-0.0,0.0,1.0,0.9999996772498343,0.0,0.02500028696260818,1
1.0,0.0,-0.0,0.0,1.0,0.0,0.0,0.0,1.0,0.999999904190228,0.0,0.025000085186081933,1
1.0,0.0,-0.0,0.0,1.0,0.0,0.0,0.0,1.0,0.9999999880012441,0.0,0.025000010668295967,1
1.0,0.0,-0.0,0.0,1.0,0.0,0.0,0.0,1.0,1.0,0.0,0.025,1
