W_x_error,W_y_error,W_z_error,V_x_error,V_y_error,V_z_error
0.0,0.0,0.0,0.57,-0.29618999999999995,0.0
0.0,0.0,0.0,0.5698829999999999,-0.29263799999999995,0.0
0.0,0.0,0.0,0.5694769999999999,-0.288705,0.0
0.0,0.0,0.0,0.568691,-0.28439499999999995,0.0
0.0,0.0,0.0,0.567425,-0.279741,0.0
0.0,0.0,0.0,0.5655669999999999,-0.274803,0.0
0.0,0.0,0.0,0.563186,-0.269978,0.0
0.0,0.0,0.0,0.560334,-0.265416,0.0
0.0,0.0,0.0,0.5570419999999999,-0.26116100000000003,0.0
0.0,0.0,0.0,0.553341,-0.257254,0.0
0.0,0.0,0.0,0.5492699999999999,-0.253737,0.0
0.0,0.0,0.0,0.544867,-0.25064200000000003,0.0
0.0,0.0,0.0,0.5401779999999999,-0.24800300000000003,0.0
0.0,0.0,0.0,0.53525,-0.24584399999999998,0.0
0.0,0.0,0.0,0.5301309999999999,-0.24418499999999999,0.0
0.0,0.0,0.0,0.5248729999999999,-0.24304600000000004,0.0
0.0,0.0,0.0,0.519528,-0.242437,0.0
0.0,0.0,0.0,0.514153,-0.242363,1e-06
0.0,0.0,0.0,0.5087879999989999,-0.242825,-1.508788e-06
0.0,0.0,0.0,0.5035069999999999,-0.243818,0.0
0.0,0.0,0.0,0.4985339999999999,-0.24526800000000004,0.0
0.0,0.0,0.0,0.494177,-0.246984,0.0
0.0,0.0,0.0,0.49041099999999993,-0.24883700000000003,0.0
0.0,0.0,0.0,0.48718999999999996,-0.250726,0.0
0.0,0.0,0.0,0.48445599999999994,-0.252578,0.0
0.0,0.0,0.0,0.48214599999999996,-0.254344,0.0
0.0,0.0,0.0,0.48019999999999996,-0.255991,0.0
0.0,0.0,0.0,0.47856299999999996,-0.257504,0.0
0.0,0.0,0.0,0.47718599999999994,-0.258876,0.0
0.0,0.0,0.0,0.476027,-0.26011,0.0
0.0,0.0,0.0,0.47504799999999997,-0.26121,0.0
0.0,0.0,0.0,0.4742219999999999,-0.262185,0.0
0.0,0.0,0.0,0.47352299999999997,-0.26304299999999997,0.0
0.0,0.0,0.0,0.47292899999999993,-0.263798,0.0
0.0,0.0,0.0,0.47242399999999996,-0.26445700000000005,0.0
0.0,0.0,0.0,0.47199299999999994,-0.26503,0.0
0.0,0.0,0.0,0.47162599999999993,-0.26552699999999996,0.0
0.0,0.0,0.0,0.47130999999999995,-0.265957,0.0
0.0,0.0,0.0,0.471039,-0.266328,0.0
0.0,0.0,0.0,0.47080599999999995,-0.26664499999999997,0.0
0.0,0.0,0.0,0.47060399999999997,-0.266916,0.0
0.0,0.0,0.0,0.47042999999999996,-0.267146,0.0
0.0,0.0,0.0,0.47027899999999995,-0.267339,0.0
0.0,0.0,0.0,0.47014799999999995,-0.2675,0.0
0.0,0.0,0.0,0.4700329999999999,-0.267634,0.0
0.0,0.0,0.0,0.46993299999999993,-0.267742,0.0
0.0,0.0,0.0,0.46984499999999996,-0.26782799999999995,0.0
0.0,0.0,0.0,0.46976799999999996,-0.26789399999999997,0.0
0.0,0.0,0.0,0.46969999999999995,-0.26794399999999996,0.0
0.0,0.0,0.0,0.4696389999999999,-0.267979,0.0
0.0,0.0,0.0,0.46958599999999995,-0.268,0.0
0.0,0.0,0.0,0.469537,-0.268009,0.0
0.0,0.0,0.0,0.46949399999999997,-0.268007,0.0
0.0,0.0,0.0,0.46945499999999996,-0.267995,0.0
0.0,0.0,0.0,0.46941999999999995,-0.267974,0.0
0.0,0.0,0.0,0.46938799999999997,-0.267945,0.0
0.0,0.0,0.0,0.46935899999999997,-0.267909,0.0
0.0,0.0,0.0,0.46933199999999997,-0.267866,0.0
0.0,0.0,0.0,0.4693069999999999,-0.267816,0.0
0.0,0.0,0.0,0.46928299999999995,-0.26776200000000006,0.0
0.0,0.0,0.0,0.46926099999999993,-0.267702,0.0
0.0,0.0,0.0,0.46923999999999993,-0.267637,0.0
0.0,0.0,0.0,0.46921999999999997,-0.267567,0.0
0.0,0.0,0.0,0.469201,-0.267493,0.0
0.0,0.0,0.0,0.46918299999999996,-0.26741400000000004,0.0
0.0,0.0,0.0,0.46916499999999994,-0.267332,0.0
0.0,0.0,0.0,0.469147,-0.267246,0.0
0.0,0.0,0.0,0.46913099999999996,-0.267156,0.0
0.0,0.0,0.0,0.4691139999999999,-0.26706300000000005,0.0
0.0,0.0,0.0,0.46909799999999996,-0.266965,0.0
0.0,0.0,0.0,0.46908199999999994,-0.266866,0.0
0.0,0.0,0.0,0.46906499999999995,-0.266762,0.0
0.0,0.0,0.0,0.46904899999999994,-0.266656,0.0
0.0,0.0,0.0,0.4690329999999999,-0.26654600000000006,0.0
0.0,0.0,0.0,0.46901799999999993,-0.266432,0.0
0.0,0.0,0.0,0.4690019999999999,-0.266315,0.0
0.0,0.0,0.0,0.46898599999999996,-0.266195,0.0
0.0,0.0,0.0,0.46896999999999994,-0.266072,0.0
0.0,0.0,0.0,0.468954,-0.265946,0.0
0.0,0.0,0.0,0.46893899999999994,-0.265815,0.0
0.0,0.0,0.0,0.468923,-0.26568400000000003,0.0
0.0,0.0,0.0,0.46890699999999996,-0.265549,0.0
0.0,0.0,0.0,0.4688899999999999,-0.265411,0.0
0.0,0.0,0.0,0.46887399999999996,-0.26527,0.0
0.0,0.0,0.0,0.46885699999999997,-0.265125,0.0
0.0,0.0,0.0,0.4688399999999999,-0.26497800000000005,0.0
0.0,0.0,0.0,0.46882399999999996,-0.264826,0.0
0.0,0.0,0.0,0.468807,-0.264671,0.0
0.0,0.0,0.0,0.46879099999999996,-0.26451399999999997,0.0
0.0,0.0,0.0,0.46877399999999997,-0.264353,0.0
0.0,0.0,0.0,0.468757,-0.264189,0.0
0.0,0.0,0.0,0.46873899999999996,-0.26402400000000004,0.0
0.0,0.0,0.0,0.46872099999999994,-0.26385400000000003,0.0
0.0,0.0,0.0,0.46870399999999995,-0.26368199999999997,0.0
0.0,0.0,0.0,0.46868699999999996,-0.26350599999999996,0.0
0.0,0.0,0.0,0.468668,-0.26332700000000003,0.0
0.0,0.0,0.0,0.46864999999999996,-0.263145,0.0
0.0,0.0,0.0,0.46863199999999994,-0.26295999999999997,0.0
0.0,0.0,0.0,0.468614,-0.26277100000000003,0.0
0.0,0.0,0.0,0.46859599999999996,-0.262579,0.0
0.0,0.0,0.0,0.46857699999999997,-0.262385,0.0
0.0,0.0,0.0,0.4685579999999999,-0.262188,0.0
0.0,0.0,0.0,0.46853999999999996,-0.261986,0.0
0.0,0.0,0.0,0.46851999999999994,-0.261783,0.0
0.0,0.0,0.0,0.468502,-0.261575,0.0
0.0,0.0,0.0,0.46848199999999995,-0.261365,0.0
0.0,0.0,0.0,0.46846299999999996,-0.261152,0.0
0.0,0.0,0.0,0.46844399999999997,-0.260934,0.0
0.0,0.0,0.0,0.46842399999999995,-0.260715,0.0
0.0,0.0,0.0,0.46840399999999993,-0.260492,0.0
0.0,0.0,0.0,0.46838399999999997,-0.260266,0.0
0.0,0.0,0.0,0.46836399999999995,-0.260036,0.0
0.0,0.0,0.0,0.46834499999999996,-0.259803,0.0
0.0,0.0,0.0,0.46832499999999994,-0.259567,0.0
0.0,0.0,0.0,0.46830399999999994,-0.259328,0.0
0.0,0.0,0.0,0.4682839999999999,-0.259085,0.0
0.0,0.0,0.0,0.468263,-0.25884100000000004,0.0
0.0,0.0,0.0,0.46824199999999994,-0.25859299999999996,0.0
0.0,0.0,0.0,0.46822199999999997,-0.258341,0.0
0.0,0.0,0.0,0.468201,-0.258085,0.0
0.0,0.0,0.0,0.46818099999999996,-0.25782700000000003,0.0
0.0,0.0,0.0,0.46815999999999997,-0.257567,0.0
0.0,0.0,0.0,0.46813799999999994,-0.257303,0.0
0.0,0.0,0.0,0.46811699999999995,-0.257036,0.0
0.0,0.0,0.0,0.46809499999999993,-0.256766,0.0
0.0,0.0,0.0,0.46807399999999993,-0.256492,0.0
0.0,0.0,0.0,0.46805299999999994,-0.256216,0.0
0.0,0.0,0.0,0.468031,-0.25593600000000005,0.0
0.0,0.0,0.0,0.46800899999999995,-0.255654,0.0
0.0,0.0,0.0,0.46798699999999993,-0.255368,0.0
0.0,0.0,0.0,0.46796499999999996,-0.25508,0.0
0.0,0.0,0.0,0.46794299999999994,-0.254788,0.0
0.0,0.0,0.0,0.4679209999999999,-0.25449299999999997,0.0
0.0,0.0,0.0,0.46789899999999995,-0.25419400000000003,0.0
0.0,0.0,0.0,0.46787699999999993,-0.25389300000000004,0.0
0.0,0.0,0.0,0.46785499999999997,-0.25358899999999995,0.0
0.0,0.0,0.0,0.46783199999999997,-0.253282,0.0
0.0,0.0,0.0,0.46780999999999995,-0.252971,0.0
0.0,0.0,0.0,0.46778699999999995,-0.252658,0.0
0.0,0.0,0.0,0.46776499999999993,-0.252342,0.0
0.0,0.0,0.0,0.46774299999999996,-0.252023,0.0
0.0,0.0,0.0,0.46771999999999997,-0.25170099999999995,0.0
0.0,0.0,0.0,0.4676969999999999,-0.251376,0.0
0.0,0.0,0.0,0.4676739999999999,-0.251047,0.0
0.0,0.0,0.0,0.46765199999999996,-0.25071600000000005,0.0
0.0,0.0,0.0,0.46762899999999996,-0.250382,0.0
0.0,0.0,0.0,0.46760599999999997,-0.250046,0.0
0.0,0.0,0.0,0.46758399999999994,-0.24970599999999998,0.0
0.0,0.0,0.0,0.46756099999999995,-0.249363,0.0
0.0,0.0,0.0,0.467537,-0.249018,0.0
0.0,0.0,0.0,0.467514,-0.24867100000000003,0.0
0.0,0.0,0.0,0.46749099999999993,-0.24831899999999996,0.0
0.0,0.0,0.0,0.46746799999999994,-0.247965,0.0
0.0,0.0,0.0,0.46744499999999994,-0.24760900000000002,0.0
0.0,0.0,0.0,0.46742199999999995,-0.247249,0.0
0.0,0.0,0.0,0.467398,-0.24688700000000002,0.0
0.0,0.0,0.0,0.467375,-0.246521,0.0
0.0,0.0,0.0,0.46735199999999993,-0.24615399999999998,0.0
0.0,0.0,0.0,0.46732899999999994,-0.24578299999999997,0.0
0.0,0.0,0.0,0.46730599999999994,-0.24541000000000002,0.0
0.0,0.0,0.0,0.467282,-0.24503400000000003,0.0
0.0,0.0,0.0,0.467259,-0.24465599999999998,0.0
0.0,0.0,0.0,0.467236,-0.24427500000000002,0.0
0.0,0.0,0.0,0.46721199999999996,-0.243892,0.0
0.0,0.0,0.0,0.46718799999999994,-0.243506,0.0
0.0,0.0,0.0,0.46716499999999994,-0.243117,0.0
0.0,0.0,0.0,0.46714199999999995,-0.24272499999999997,0.0
0.0,0.0,0.0,0.46711899999999995,-0.24233099999999996,0.0
0.0,0.0,0.0,0.4670949999999999,-0.241935,0.0
0.0,0.0,0.0,0.46707199999999993,-0.241537,0.0
0.0,0.0,0.0,0.46704799999999996,-0.241136,0.0
0.0,0.0,0.0,0.46702499999999997,-0.24073200000000003,0.0
0.0,0.0,0.0,0.46700099999999994,-0.24032599999999998,0.0
0.0,0.0,0.0,0.46697799999999995,-0.23991700000000002,0.0
0.0,0.0,0.0,0.466954,-0.239506,0.0
0.0,0.0,0.0,0.466931,-0.23909199999999997,0.0
0.0,0.0,0.0,0.46690799999999993,-0.238676,0.0
0.0,0.0,0.0,0.46688499999999994,-0.238259,0.0
0.0,0.0,0.0,0.46686099999999997,-0.237838,0.0
0.0,0.0,0.0,0.466838,-0.23741599999999996,0.0
0.0,0.0,0.0,0.466815,-0.236991,0.0
0.0,0.0,0.0,0.466792,-0.236564,0.0
0.0,0.0,0.0,0.46676799999999996,-0.23613499999999998,0.0
0.0,0.0,0.0,0.46674499999999997,-0.23570300000000002,0.0
0.0,0.0,0.0,0.46672199999999997,-0.23526899999999998,0.0
0.0,0.0,0.0,0.466699,-0.23483400000000001,0.0
0.0,0.0,0.0,0.466676,-0.23439600000000002,0.0
0.0,0.0,0.0,0.466653,-0.23395700000000003,0.0
0.0,0.0,0.0,0.46662999999999993,-0.23351399999999997,0.0
0.0,0.0,0.0,0.46660699999999994,-0.23307,0.0
0.0,0.0,0.0,0.46658399999999994,-0.232625,0.0
0.0,0.0,0.0,0.46656099999999995,-0.232177,0.0
0.0,0.0,0.0,0.46653799999999995,-0.23172800000000002,0.0
0.0,0.0,0.0,0.46651499999999996,-0.231277,0.0
0.0,0.0,0.0,0.46649199999999996,-0.23082400000000003,0.0
0.0,0.0,0.0,0.46646999999999994,-0.23036800000000002,0.0
0.0,0.0,0.0,0.46644699999999994,-0.22991100000000003,0.0
0.0,0.0,0.0,0.46642399999999995,-0.22945200000000004,0.0
0.0,0.0,0.0,0.46640099999999995,-0.22899200000000003,0.0
0.0,0.0,0.0,0.46637899999999993,-0.22852899999999998,0.0
0.0,0.0,0.0,0.46635599999999994,-0.22806500000000002,0.0
0.0,0.0,0.0,0.46633399999999997,-0.227599,0.0
0.0,0.0,0.0,0.46631199999999995,-0.22713100000000003,0.0
0.0,0.0,0.0,0.46629,-0.22666199999999997,0.0
0.0,0.0,0.0,0.46626699999999993,-0.22619100000000003,0.0
0.0,0.0,0.0,0.46624499999999997,-0.225719,0.0
0.0,0.0,0.0,0.46622299999999994,-0.22524499999999997,0.0
0.0,0.0,0.0,0.466201,-0.22477000000000003,0.0
0.0,0.0,0.0,0.46617899999999995,-0.22429299999999996,0.0
0.0,0.0,0.0,0.46615699999999993,-0.223815,0.0
0.0,0.0,0.0,0.46613499999999997,-0.22333399999999998,0.0
0.0,0.0,0.0,0.4661139999999999,-0.22285300000000002,0.0
0.0,0.0,0.0,0.46609199999999995,-0.22237,0.0
0.0,0.0,0.0,0.46607099999999996,-0.22188600000000003,0.0
0.0,0.0,0.0,0.46604899999999994,-0.22140100000000001,0.0
0.0,0.0,0.0,0.46602799999999994,-0.220914,0.0
0.0,0.0,0.0,0.46600699999999995,-0.22042599999999996,0.0
0.0,0.0,0.0,0.465985,-0.219937,0.0
0.0,0.0,0.0,0.46596399999999993,-0.219447,0.0
0.0,0.0,0.0,0.46594299999999994,-0.218955,0.0
0.0,0.0,0.0,0.465923,-0.218461,0.0
0.0,0.0,0.0,0.4659019999999999,-0.21796700000000002,0.0
0.0,0.0,0.0,0.46588099999999993,-0.217473,0.0
0.0,0.0,0.0,0.46585999999999994,-0.21697600000000003,0.0
0.0,0.0,0.0,0.4658399999999999,-0.21648,0.0
0.0,0.0,0.0,0.465819,-0.21598199999999998,0.0
0.0,0.0,0.0,0.46579899999999996,-0.215483,0.0
0.0,0.0,0.0,0.46577799999999997,-0.214983,0.0
0.0,0.0,0.0,0.46575799999999995,-0.21448199999999998,0.0
0.0,0.0,0.0,0.465738,-0.21398099999999998,0.0
0.0,0.0,0.0,0.46571799999999997,-0.21347899999999997,0.0
0.0,0.0,0.0,0.46569799999999995,-0.212976,0.0
0.0,0.0,0.0,0.4656779999999999,-0.212472,0.0
0.0,0.0,0.0,0.46565899999999993,-0.21196700000000002,0.0
0.0,0.0,0.0,0.46563899999999997,-0.21146200000000004,0.0
0.0,0.0,0.0,0.46561899999999995,-0.21095600000000003,0.0
0.0,0.0,0.0,0.46559999999999996,-0.210449,0.0
0.0,0.0,0.0,0.46558099999999997,-0.209941,0.0
0.0,0.0,0.0,0.4655619999999999,-0.20943299999999998,0.0
0.0,0.0,0.0,0.46554299999999993,-0.20892500000000003,0.0
0.0,0.0,0.0,0.46552399999999994,-0.20841600000000002,0.0
0.0,0.0,0.0,0.46550499999999995,-0.207906,0.0
0.0,0.0,0.0,0.46548599999999996,-0.207396,0.0
0.0,0.0,0.0,0.46546799999999994,-0.20688600000000001,0.0
0.0,0.0,0.0,0.46544899999999995,-0.206376,0.0
0.0,0.0,0.0,0.46543099999999993,-0.20586500000000002,0.0
0.0,0.0,0.0,0.46541299999999997,-0.205353,0.0
0.0,0.0,0.0,0.46539499999999995,-0.204841,0.0
0.0,0.0,0.0,0.46537599999999996,-0.204329,0.0
0.0,0.0,0.0,0.46535899999999997,-0.20381700000000003,0.0
0.0,0.0,0.0,0.46534099999999995,-0.203304,0.0
0.0,0.0,0.0,0.46532399999999996,-0.202791,0.0
0.0,0.0,0.0,0.46530599999999994,-0.20227799999999996,0.0
0.0,0.0,0.0,0.46528899999999995,-0.20176499999999997,0.0
0.0,0.0,0.0,0.46527099999999993,-0.201252,0.0
0.0,0.0,0.0,0.46525399999999995,-0.200739,0.0
0.0,0.0,0.0,0.46523699999999996,-0.20022600000000002,0.0
0.0,0.0,0.0,0.46522099999999994,-0.19971299999999997,0.0
0.0,0.0,0.0,0.46520399999999995,-0.1992,0.0
0.0,0.0,0.0,0.46518799999999993,-0.19868699999999997,0.0
0.0,0.0,0.0,0.46517099999999995,-0.19817400000000002,0.0
0.0,0.0,0.0,0.465155,-0.19766100000000003,0.0
0.0,0.0,0.0,0.46513799999999994,-0.19715,0.0
0.0,0.0,0.0,0.4651219999999999,-0.19663799999999998,0.0
0.0,0.0,0.0,0.46510599999999996,-0.19612700000000002,0.0
0.0,0.0,0.0,0.46508999999999995,-0.195616,0.0
0.0,0.0,0.0,0.46507399999999993,-0.19510499999999997,0.0
0.0,0.0,0.0,0.46505799999999997,-0.194594,0.0
0.0,0.0,0.0,0.465043,-0.19408399999999998,0.0
0.0,0.0,0.0,0.46502699999999997,-0.19357400000000002,0.0
0.0,0.0,0.0,0.465012,-0.193064,0.0
0.0,0.0,0.0,0.46499699999999994,-0.192554,0.0
0.0,0.0,0.0,0.46498199999999995,-0.192046,0.0
0.0,0.0,0.0,0.46496699999999996,-0.19153799999999999,0.0
0.0,0.0,0.0,0.46495299999999995,-0.191031,0.0
0.0,0.0,0.0,0.46493799999999996,-0.19052399999999997,0.0
0.0,0.0,0.0,0.46492399999999995,-0.19001800000000002,0.0
0.0,0.0,0.0,0.46490899999999996,-0.189512,0.0
0.0,0.0,0.0,0.46489499999999995,-0.18900699999999998,0.0
0.0,0.0,0.0,0.46488099999999993,-0.188503,0.0
0.0,0.0,0.0,0.4648669999999999,-0.18799899999999997,0.0
0.0,0.0,0.0,0.46485399999999993,-0.187496,0.0
0.0,0.0,0.0,0.4648399999999999,-0.18699500000000002,0.0
0.0,0.0,0.0,0.46482699999999993,-0.18649300000000002,0.0
0.0,0.0,0.0,0.4648129999999999,-0.18599300000000002,0.0
0.0,0.0,0.0,0.46479999999999994,-0.185494,0.0
0.0,0.0,0.0,0.46478699999999995,-0.18499699999999997,0.0
0.0,0.0,0.0,0.46477399999999996,-0.18449900000000002,0.0
0.0,0.0,0.0,0.464761,-0.184002,0.0
0.0,0.0,0.0,0.46474899999999997,-0.183507,0.0
0.0,0.0,0.0,0.4647359999999999,-0.18301299999999998,0.0
0.0,0.0,0.0,0.46472299999999994,-0.18252000000000002,0.0
0.0,0.0,0.0,0.464711,-0.182029,0.0
0.0,0.0,0.0,0.464699,-0.181538,0.0
0.0,0.0,0.0,0.46468699999999996,-0.18104899999999996,0.0
0.0,0.0,0.0,0.46467499999999995,-0.180561,0.0
0.0,0.0,0.0,0.46466299999999994,-0.180074,0.0
0.0,0.0,0.0,0.46465199999999995,-0.17958800000000003,0.0
0.0,0.0,0.0,0.46463999999999994,-0.179103,0.0
0.0,0.0,0.0,0.46462899999999996,-0.17861899999999997,0.0
0.0,0.0,0.0,0.464618,-0.178137,0.0
0.0,0.0,0.0,0.46460699999999994,-0.177656,0.0
0.0,0.0,0.0,0.46459599999999995,-0.17717699999999997,0.0
0.0,0.0,0.0,0.46458599999999994,-0.176699,0.0
0.0,0.0,0.0,0.46457499999999996,-0.176223,0.0
0.0,0.0,0.0,0.46456499999999995,-0.17574800000000002,0.0
0.0,0.0,0.0,0.46455399999999997,-0.17527500000000001,0.0
0.0,0.0,0.0,0.46454399999999996,-0.174803,0.0
0.0,0.0,0.0,0.46453399999999995,-0.174334,0.0
0.0,0.0,0.0,0.46452399999999994,-0.17386500000000002,0.0
0.0,0.0,0.0,0.46451499999999996,-0.173398,0.0
0.0,0.0,0.0,0.46450499999999995,-0.172933,0.0
0.0,0.0,0.0,0.46449499999999994,-0.17246899999999998,0.0
0.0,0.0,0.0,0.46448599999999995,-0.172008,0.0
0.0,0.0,0.0,0.4644769999999999,-0.171549,0.0
0.0,0.0,0.0,0.46446799999999994,-0.17109000000000002,0.0
0.0,0.0,0.0,0.46445899999999996,-0.170634,0.0
0.0,0.0,0.0,0.4644499999999999,-0.17017900000000002,0.0
0.0,0.0,0.0,0.46444099999999994,-0.16972700000000002,0.0
0.0,0.0,0.0,0.464433,-0.16927599999999998,0.0
0.0,0.0,0.0,0.46442399999999995,-0.168828,0.0
0.0,0.0,0.0,0.46441599999999994,-0.168381,0.0
0.0,0.0,0.0,0.46440799999999993,-0.167936,0.0
0.0,0.0,0.0,0.4643999999999999,-0.167493,0.0
0.0,0.0,0.0,0.46439199999999997,-0.167053,0.0
0.0,0.0,0.0,0.46438399999999996,-0.16661499999999999,0.0
0.0,0.0,0.0,0.46437599999999996,-0.166178,0.0
0.0,0.0,0.0,0.4643689999999999,-0.165744,0.0
0.0,0.0,0.0,0.46436099999999997,-0.16531099999999999,0.0
0.0,0.0,0.0,0.46435399999999993,-0.164881,0.0
0.0,0.0,0.0,0.46434699999999995,-0.164452,0.0
0.0,0.0,0.0,0.46434,-0.16402699999999998,0.0
0.0,0.0,0.0,0.46433299999999994,-0.16360400000000003,0.0
0.0,0.0,0.0,0.46432599999999996,-0.163182,0.0
0.0,0.0,0.0,0.4643189999999999,-0.16276300000000002,0.0
0.0,0.0,0.0,0.464313,-0.162347,0.0
0.0,0.0,0.0,0.46430699999999997,-0.161932,0.0
0.0,0.0,0.0,0.46429999999999993,-0.16151900000000002,0.0
0.0,0.0,0.0,0.464294,-0.16110999999999998,0.0
0.0,0.0,0.0,0.4642879999999999,-0.160702,0.0
0.0,0.0,0.0,0.46428299999999995,-0.160297,0.0
0.0,0.0,0.0,0.46427699999999994,-0.159893,0.0
0.0,0.0,0.0,0.46427199999999996,-0.159493,0.0
0.0,0.0,0.0,0.46426599999999996,-0.159094,0.0
0.0,0.0,0.0,0.4642609999999999,-0.158699,0.0
0.0,0.0,0.0,0.46425599999999995,-0.158306,0.0
0.0,0.0,0.0,0.46425099999999997,-0.15791499999999997,0.0
0.0,0.0,0.0,0.46424599999999994,-0.157528,0.0
0.0,0.0,0.0,0.46424099999999996,-0.15714299999999998,0.0
0.0,0.0,0.0,0.464236,-0.15676099999999998,0.0
0.0,0.0,0.0,0.46423099999999995,-0.156381,0.0
0.0,0.0,0.0,0.46422699999999995,-0.156003,0.0
0.0,0.0,0.0,0.46422299999999994,-0.155629,0.0
0.0,0.0,0.0,0.46421799999999996,-0.155256,0.0
0.0,0.0,0.0,0.46421499999999993,-0.154886,0.0
0.0,0.0,0.0,0.46421099999999993,-0.15451900000000002,0.0
0.0,0.0,0.0,0.4642069999999999,-0.15415600000000002,0.0
0.0,0.0,0.0,0.4642029999999999,-0.153794,0.0
0.0,0.0,0.0,0.4641989999999999,-0.15343600000000002,0.0
0.0,0.0,0.0,0.46419599999999994,-0.15308,0.0
0.0,0.0,0.0,0.46419199999999994,-0.152727,0.0
0.0,0.0,0.0,0.46418899999999996,-0.15237699999999998,0.0
0.0,0.0,0.0,0.46418599999999993,-0.152029,0.0
0.0,0.0,0.0,0.46418299999999996,-0.15168500000000001,0.0
0.0,0.0,0.0,0.4641799999999999,-0.151343,0.0
0.0,0.0,0.0,0.46417699999999995,-0.151004,0.0
0.0,0.0,0.0,0.464174,-0.150667,0.0
0.0,0.0,0.0,0.4641719999999999,-0.150334,0.0
0.0,0.0,0.0,0.46416899999999994,-0.15000399999999997,0.0
0.0,0.0,0.0,0.46416699999999994,-0.149677,0.0
0.0,0.0,0.0,0.46416399999999997,-0.14935199999999998,0.0
0.0,0.0,0.0,0.46416299999999994,-0.149031,0.0
0.0,0.0,0.0,0.46415999999999996,-0.14871299999999998,0.0
0.0,0.0,0.0,0.46415799999999996,-0.148397,0.0
0.0,0.0,0.0,0.46415599999999996,-0.148085,0.0
0.0,0.0,0.0,0.464155,-0.147775,0.0
0.0,0.0,0.0,0.4641529999999999,-0.14746900000000002,0.0
0.0,0.0,0.0,0.464151,-0.147165,0.0
0.0,0.0,0.0,0.46414999999999995,-0.146864,0.0
0.0,0.0,0.0,0.4641489999999999,-0.146567,0.0
0.0,0.0,0.0,0.46414799999999995,-0.146272,0.0
0.0,0.0,0.0,0.464147,-0.14598099999999997,0.0
0.0,0.0,0.0,0.46414599999999995,-0.145692,0.0
0.0,0.0,0.0,0.4641449999999999,-0.14540599999999998,0.0
0.0,0.0,0.0,0.46414399999999995,-0.145124,0.0
0.0,0.0,0.0,0.464143,-0.144844,0.0
0.0,0.0,0.0,0.464143,-0.144568,0.0
0.0,0.0,0.0,0.46414199999999994,-0.144294,0.0
0.0,0.0,0.0,0.46414199999999994,-0.144024,0.0
0.0,0.0,0.0,0.46414199999999994,-0.143758,0.0
0.0,0.0,0.0,0.46414099999999997,-0.143494,0.0
0.0,0.0,0.0,0.46414099999999997,-0.143233,0.0
0.0,0.0,0.0,0.46414099999999997,-0.142976,0.0
0.0,0.0,0.0,0.46414099999999997,-0.14272100000000001,0.0
0.0,0.0,0.0,0.46414099999999997,-0.14247,0.0
0.0,0.0,0.0,0.46414199999999994,-0.14222200000000002,0.0
0.0,0.0,0.0,0.46414199999999994,-0.141978,0.0
0.0,0.0,0.0,0.46414199999999994,-0.141736,0.0
0.0,0.0,0.0,0.464143,-0.14149699999999998,0.0
0.0,0.0,0.0,0.46414399999999995,-0.14126,0.0
0.0,0.0,0.0,0.46414399999999995,-0.141027,0.0
0.0,0.0,0.0,0.4641449999999999,-0.14079799999999998,0.0
0.0,0.0,0.0,0.46414599999999995,-0.14057199999999997,0.0
0.0,0.0,0.0,0.464147,-0.14034799999999997,0.0
0.0,0.0,0.0,0.46414799999999995,-0.140129,0.0
0.0,0.0,0.0,0.4641489999999999,-0.139912,0.0
0.0,0.0,0.0,0.46414999999999995,-0.139698,0.0
0.0,0.0,0.0,0.46415199999999995,-0.139488,0.0
0.0,0.0,0.0,0.4641529999999999,-0.139281,0.0
0.0,0.0,0.0,0.464155,-0.13907599999999998,0.0
0.0,0.0,0.0,0.46415599999999996,-0.138875,0.0
0.0,0.0,0.0,0.46415799999999996,-0.138676,0.0
0.0,0.0,0.0,0.46415999999999996,-0.138482,0.0
0.0,0.0,0.0,0.46416099999999993,-0.138289,0.0
0.0,0.0,0.0,0.46416399999999997,-0.1381,0.0
0.0,0.0,0.0,0.46416499999999994,-0.137914,0.0
0.0,0.0,0.0,0.46416699999999994,-0.137731,0.0
0.0,0.0,0.0,0.46416899999999994,-0.137552,0.0
0.0,0.0,0.0,0.4641719999999999,-0.137375,0.0
0.0,0.0,0.0,0.464174,-0.13720100000000002,0.0
0.0,0.0,0.0,0.4641759999999999,-0.13703100000000001,0.0
0.0,0.0,0.0,0.46417899999999995,-0.136864,0.0
0.0,0.0,0.0,0.46418099999999995,-0.136701,0.0
0.0,0.0,0.0,0.46418299999999996,-0.13653900000000002,0.0
0.0,0.0,0.0,0.46418599999999993,-0.13638,0.0
0.0,0.0,0.0,0.46418899999999996,-0.136224,0.0
0.0,0.0,0.0,0.46419099999999996,-0.13607199999999997,0.0
0.0,0.0,0.0,0.46419399999999994,-0.135922,0.0
0.0,0.0,0.0,0.46419699999999997,-0.13577499999999998,0.0
0.0,0.0,0.0,0.46419999999999995,-0.135633,0.0
0.0,0.0,0.0,0.46420199999999995,-0.135493,0.0
0.0,0.0,0.0,0.464205,-0.13535599999999998,0.0
0.0,0.0,0.0,0.46420799999999995,-0.135223,0.0
0.0,0.0,0.0,0.46421099999999993,-0.135092,0.0
0.0,0.0,0.0,0.46421399999999996,-0.134963,0.0
0.0,0.0,0.0,0.46421699999999994,-0.13483699999999998,0.0
0.0,0.0,0.0,0.46421999999999997,-0.134714,0.0
0.0,0.0,0.0,0.46422299999999994,-0.134594,0.0
0.0,0.0,0.0,0.46422699999999995,-0.13447599999999998,0.0
0.0,0.0,0.0,0.4642299999999999,-0.134362,0.0
0.0,0.0,0.0,0.46423299999999995,-0.134251,0.0
0.0,0.0,0.0,0.464236,-0.134142,0.0
0.0,0.0,0.0,0.46423999999999993,-0.134035,0.0
0.0,0.0,0.0,0.46424299999999996,-0.13393099999999997,0.0
0.0,0.0,0.0,0.46424699999999997,-0.133831,0.0
0.0,0.0,0.0,0.46424999999999994,-0.133733,0.0
0.0,0.0,0.0,0.46425399999999994,-0.133637,0.0
0.0,0.0,0.0,0.4642569999999999,-0.133544,0.0
0.0,0.0,0.0,0.4642609999999999,-0.133454,0.0
0.0,0.0,0.0,0.46426399999999995,-0.13336599999999998,0.0
0.0,0.0,0.0,0.46426799999999996,-0.133281,0.0
0.0,0.0,0.0,0.46427099999999993,-0.133199,0.0
0.0,0.0,0.0,0.46427499999999994,-0.13311900000000002,0.0
0.0,0.0,0.0,0.46427899999999994,-0.13304100000000002,0.0
0.0,0.0,0.0,0.464282,-0.132966,0.0
0.0,0.0,0.0,0.464286,-0.13289299999999998,0.0
0.0,0.0,0.0,0.46428899999999995,-0.132823,0.0
0.0,0.0,0.0,0.46429299999999996,-0.132755,0.0
0.0,0.0,0.0,0.46429699999999996,-0.13268999999999997,0.0
0.0,0.0,0.0,0.46429999999999993,-0.132626,0.0
0.0,0.0,0.0,0.46430399999999994,-0.13256600000000002,0.0
0.0,0.0,0.0,0.46430699999999997,-0.13250699999999999,0.0
0.0,0.0,0.0,0.4643109999999999,-0.13245099999999999,0.0
0.0,0.0,0.0,0.46431399999999995,-0.132397,0.0
0.0,0.0,0.0,0.46431799999999995,-0.132345,0.0
0.0,0.0,0.0,0.464321,-0.132295,0.0
0.0,0.0,0.0,0.46432499999999993,-0.132247,0.0
0.0,0.0,0.0,0.46432799999999996,-0.132201,0.0
0.0,0.0,0.0,0.46433099999999994,-0.13215700000000002,0.0
0.0,0.0,0.0,0.46433499999999994,-0.13211499999999998,0.0
0.0,0.0,0.0,0.4643379999999999,-0.132075,0.0
0.0,0.0,0.0,0.4643419999999999,-0.132036,0.0
0.0,0.0,0.0,0.46434499999999995,-0.132001,0.0
0.0,0.0,0.0,0.464348,-0.13196600000000003,0.0
0.0,0.0,0.0,0.46435099999999996,-0.131933,0.0
0.0,0.0,0.0,0.46435499999999996,-0.13190200000000002,0.0
0.0,0.0,0.0,0.46435799999999994,-0.131872,0.0
0.0,0.0,0.0,0.46436099999999997,-0.131845,0.0
0.0,0.0,0.0,0.46436399999999994,-0.131818,0.0
0.0,0.0,0.0,0.464367,-0.131794,0.0
0.0,0.0,0.0,0.4643689999999999,-0.131771,0.0
0.0,0.0,0.0,0.46437199999999995,-0.13174999999999998,0.0
0.0,0.0,0.0,0.464375,-0.13173,0.0
0.0,0.0,0.0,0.46437699999999993,-0.131712,0.0
0.0,0.0,0.0,0.46437999999999996,-0.131695,0.0
0.0,0.0,0.0,0.46438299999999993,-0.131678,0.0
0.0,0.0,0.0,0.46438499999999994,-0.131662,0.0
0.0,0.0,0.0,0.46438799999999997,-0.13164900000000002,0.0
0.0,0.0,0.0,0.46438999999999997,-0.131636,0.0
0.0,0.0,0.0,0.46439199999999997,-0.131624,0.0
0.0,0.0,0.0,0.464394,-0.131614,0.0
0.0,0.0,0.0,0.4643959999999999,-0.13160499999999997,0.0
0.0,0.0,0.0,0.464398,-0.131596,0.0
0.0,0.0,0.0,0.4643999999999999,-0.13158799999999998,0.0
0.0,0.0,0.0,0.464402,-0.13158000000000003,0.0
0.0,0.0,0.0,0.46440299999999995,-0.13157400000000002,0.0
0.0,0.0,0.0,0.46440399999999993,-0.131569,0.0
0.0,0.0,0.0,0.464406,-0.13156400000000001,0.0
0.0,0.0,0.0,0.46440699999999996,-0.13156,0.0
0.0,0.0,0.0,0.46440799999999993,-0.131557,0.0
0.0,0.0,0.0,0.46440899999999996,-0.13155300000000003,0.0
0.0,0.0,0.0,0.46440999999999993,-0.13155,0.0
0.0,0.0,0.0,0.46440999999999993,-0.131548,0.0
0.0,0.0,0.0,0.464412,-0.13154500000000002,0.0
0.0,0.0,0.0,0.46441299999999996,-0.13154300000000002,0.0
0.0,0.0,0.0,0.464414,-0.13154100000000002,0.0
0.0,0.0,0.0,0.46441699999999997,-0.13154000000000002,0.0
0.0,0.0,0.0,0.46442000000000005,-0.13153900000000002,0.0
0.0,0.0,0.0,0.46442300000000003,-0.13153800000000002,0.0
0.0,0.0,0.0,0.46442700000000003,-0.13153800000000002,0.0
0.0,0.0,0.0,0.464433,-0.13153800000000002,0.0
0.0,0.0,0.0,0.46443900000000005,-0.13153800000000002,0.0
0.0,0.0,0.0,0.46444700000000005,-0.13153800000000002,0.0
0.0,0.0,0.0,0.46445500000000006,-0.13153900000000002,0.0
0.0,0.0,0.0,0.46446600000000005,-0.13154000000000002,0.0
0.0,0.0,0.0,0.46447700000000003,-0.131542,0.0
0.0,0.0,0.0,0.464491,-0.131544,0.0
0.0,0.0,0.0,0.464505,-0.131546,0.0
0.0,0.0,0.0,0.464521,-0.131548,0.0
0.0,0.0,0.0,0.46454,-0.13155100000000003,0.0
0.0,0.0,0.0,0.46456,-0.131554,0.0
0.0,0.0,0.0,0.464582,-0.131558,0.0
0.0,0.0,0.0,0.46460700000000005,-0.131561,0.0
0.0,0.0,0.0,0.46463299999999996,-0.13156500000000002,0.0
0.0,0.0,0.0,0.464662,-0.131569,0.0
0.0,0.0,0.0,0.464694,-0.131573,0.0
0.0,0.0,0.0,0.46472900000000006,-0.13157800000000003,0.0
0.0,0.0,0.0,0.464765,-0.131583,0.0
0.0,0.0,0.0,0.46480400000000005,-0.131588,0.0
0.0,0.0,0.0,0.464847,-0.13159300000000002,0.0
0.0,0.0,0.0,0.46489099999999994,-0.1316,0.0
0.0,0.0,0.0,0.464939,-0.131606,0.0
0.0,0.0,0.0,0.46499000000000007,-0.131612,0.0
0.0,0.0,0.0,0.46504399999999996,-0.131618,0.0
0.0,0.0,0.0,0.465101,-0.13162400000000002,0.0
0.0,0.0,0.0,0.465161,-0.131631,0.0
0.0,0.0,0.0,0.465225,-0.131639,0.0
0.0,0.0,0.0,0.465292,-0.131645,0.0
0.0,0.0,0.0,0.46536299999999997,-0.13165300000000002,0.0
0.0,0.0,0.0,0.46543699999999993,-0.13166100000000003,0.0
0.0,0.0,0.0,0.46551400000000004,-0.131669,0.0
0.0,0.0,0.0,0.465595,-0.13167700000000002,0.0
0.0,0.0,0.0,0.46568099999999996,-0.13168600000000003,0.0
0.0,0.0,0.0,0.465769,-0.131694,0.0
0.0,0.0,0.0,0.465862,-0.13170300000000001,0.0
0.0,0.0,0.0,0.46595800000000004,-0.13171300000000002,0.0
0.0,0.0,0.0,0.46605900000000006,-0.131723,0.0
0.0,0.0,0.0,0.466163,-0.13173300000000002,0.0
0.0,0.0,0.0,0.46627199999999996,-0.131743,0.0
0.0,0.0,0.0,0.466385,-0.131754,0.0
0.0,0.0,0.0,0.466502,-0.131764,0.0
0.0,0.0,0.0,0.46662400000000004,-0.13177500000000003,0.0
0.0,0.0,0.0,0.4667490000000001,-0.131785,0.0
0.0,0.0,0.0,0.46688,-0.13179600000000002,0.0
0.0,0.0,0.0,0.46701399999999993,-0.131806,0.0
0.0,0.0,0.0,0.46715300000000004,-0.13181700000000002,0.0
0.0,0.0,0.0,0.46729699999999996,-0.131828,0.0
0.0,0.0,0.0,0.467446,-0.13184,0.0
0.0,0.0,0.0,0.467598,-0.131853,0.0
0.0,0.0,0.0,0.467756,-0.131866,0.0
0.0,0.0,0.0,0.467918,-0.13187700000000002,0.0
0.0,0.0,0.0,0.468085,-0.13189,0.0
0.0,0.0,0.0,0.4682569999999999,-0.131903,0.0
0.0,0.0,0.0,0.468434,-0.131916,0.0
0.0,0.0,0.0,0.46861600000000003,-0.13193,0.0
0.0,0.0,0.0,0.46880199999999994,-0.131943,0.0
0.0,0.0,0.0,0.468994,-0.13195800000000002,0.0
0.0,0.0,0.0,0.469191,-0.131971,0.0
0.0,0.0,0.0,0.46939299999999995,-0.131986,0.0
0.0,0.0,0.0,0.4696,-0.132,0.0
0.0,0.0,0.0,0.469812,-0.13201400000000002,0.0
0.0,0.0,0.0,0.47002900000000003,-0.13203,0.0
0.0,0.0,0.0,0.470251,-0.132044,0.0
0.0,0.0,0.0,0.470478,-0.13206,0.0
0.0,0.0,0.0,0.47071100000000005,-0.132075,0.0
0.0,0.0,0.0,0.47095000000000004,-0.13209100000000001,0.0
0.0,0.0,0.0,0.47119399999999995,-0.132106,0.0
0.0,0.0,0.0,0.471443,-0.13212100000000002,0.0
0.0,0.0,0.0,0.471696,-0.132137,0.0
0.0,0.0,0.0,0.47195699999999996,-0.13215300000000002,0.0
0.0,0.0,0.0,0.47222200000000003,-0.132169,0.0
0.0,0.0,0.0,0.472492,-0.132185,0.0
0.0,0.0,0.0,0.472769,-0.132201,0.0
0.0,0.0,0.0,0.473051,-0.132218,0.0
0.0,0.0,0.0,0.473338,-0.132235,0.0
0.0,0.0,0.0,0.47363,-0.132252,0.0
0.0,0.0,0.0,0.47392900000000004,-0.13227,0.0
0.0,0.0,0.0,0.474233,-0.13228700000000002,0.0
0.0,0.0,0.0,0.47454199999999996,-0.132304,0.0
0.0,0.0,0.0,0.47485799999999995,-0.13232300000000002,0.0
0.0,0.0,0.0,0.475179,-0.13234100000000001,0.0
0.0,0.0,0.0,0.47550499999999996,-0.13235800000000003,0.0
0.0,0.0,0.0,0.475837,-0.132376,0.0
0.0,0.0,0.0,0.476176,-0.132393,0.0
0.0,0.0,0.0,0.476519,-0.13241200000000003,0.0
0.0,0.0,0.0,0.476869,-0.13243100000000002,0.0
0.0,0.0,0.0,0.47722400000000004,-0.132449,0.0
0.0,0.0,0.0,0.47758399999999995,-0.132467,0.0
0.0,0.0,0.0,0.477951,-0.13248500000000002,0.0
0.0,0.0,0.0,0.47832399999999997,-0.132504,0.0
0.0,0.0,0.0,0.47870199999999996,-0.132523,0.0
0.0,0.0,0.0,0.47908599999999996,-0.132542,0.0
0.0,0.0,0.0,0.47947399999999996,-0.132561,0.0
0.0,0.0,0.0,0.47986999999999996,-0.132581,0.0
0.0,0.0,0.0,0.480271,-0.1326,0.0
0.0,0.0,0.0,0.48067800000000005,-0.13261900000000001,0.0
0.0,0.0,0.0,0.481091,-0.132638,0.0
0.0,0.0,0.0,0.481509,-0.132658,0.0
0.0,0.0,0.0,0.481934,-0.13267700000000002,0.0
0.0,0.0,0.0,0.482364,-0.132697,0.0
0.0,0.0,0.0,0.48279999999999995,-0.132716,0.0
0.0,0.0,0.0,0.48324200000000006,-0.132735,0.0
0.0,0.0,0.0,0.48368900000000004,-0.132755,0.0
0.0,0.0,0.0,0.48414300000000005,-0.13277500000000003,0.0
0.0,0.0,0.0,0.48460200000000003,-0.132795,0.0
0.0,0.0,0.0,0.485066,-0.13281500000000002,0.0
0.0,0.0,0.0,0.485537,-0.132835,0.0
0.0,0.0,0.0,0.486012,-0.13285600000000003,0.0
0.0,0.0,0.0,0.486495,-0.13287700000000002,0.0
0.0,0.0,0.0,0.48698199999999997,-0.13289600000000001,0.0
0.0,0.0,0.0,0.487476,-0.132917,0.0
0.0,0.0,0.0,0.48797500000000005,-0.13293700000000003,0.0
0.0,0.0,0.0,0.48847899999999994,-0.13295800000000002,0.0
0.0,0.0,0.0,0.48899000000000004,-0.132979,0.0
0.0,0.0,0.0,0.489506,-0.133,0.0
0.0,0.0,0.0,0.490027,-0.13302000000000003,0.0
0.0,0.0,0.0,0.49055499999999996,-0.133042,0.0
0.0,0.0,0.0,0.49108799999999997,-0.13306300000000001,0.0
0.0,0.0,0.0,0.491626,-0.133085,0.0
0.0,0.0,0.0,0.49217,-0.133106,0.0
0.0,0.0,0.0,0.49272,-0.13312600000000002,0.0
0.0,0.0,0.0,0.49327600000000005,-0.13314700000000002,0.0
0.0,0.0,0.0,0.49383699999999997,-0.133167,0.0
0.0,0.0,0.0,0.494403,-0.13318800000000003,0.0
0.0,0.0,0.0,0.49497500000000005,-0.13320900000000002,0.0
0.0,0.0,0.0,0.495553,-0.13323000000000002,0.0
0.0,0.0,0.0,0.49613599999999997,-0.133252,0.0
0.0,0.0,0.0,0.496723,-0.13327300000000003,0.0
0.0,0.0,0.0,0.49731700000000006,-0.133295,0.0
0.0,0.0,0.0,0.497917,-0.13331600000000002,0.0
0.0,0.0,0.0,0.498521,-0.133336,0.0
0.0,0.0,0.0,0.499131,-0.133357,0.0
0.0,0.0,0.0,0.499746,-0.13337900000000003,0.0
0.0,0.0,0.0,0.500366,-0.13340000000000002,0.0
0.0,0.0,0.0,0.500992,-0.133422,0.0
0.0,0.0,0.0,0.501622,-0.133444,0.0
0.0,0.0,0.0,0.502258,-0.133465,0.0
0.0,0.0,0.0,0.5028999999999999,-0.133486,0.0
0.0,0.0,0.0,0.5035470000000001,-0.13350700000000001,0.0
0.0,0.0,0.0,0.504198,-0.133528,0.0
0.0,0.0,0.0,0.5048549999999999,-0.13355,0.0
0.0,0.0,0.0,0.505517,-0.133571,0.0
0.0,0.0,0.0,0.5061829999999999,-0.13359300000000002,0.0
0.0,0.0,0.0,0.506855,-0.133615,0.0
0.0,0.0,0.0,0.507532,-0.133637,0.0
0.0,0.0,0.0,0.508213,-0.13365700000000003,0.0
0.0,0.0,0.0,0.5088999999999999,-0.13367800000000002,0.0
0.0,0.0,0.0,0.509591,-0.133698,0.0
0.0,0.0,0.0,0.510288,-0.133719,0.0
0.0,0.0,0.0,0.5109889999999999,-0.133741,0.0
0.0,0.0,0.0,0.511695,-0.133762,0.0
0.0,0.0,0.0,0.512405,-0.133783,0.0
0.0,0.0,0.0,0.51312,-0.133805,0.0
0.0,0.0,0.0,0.5138400000000001,-0.133826,0.0
0.0,0.0,0.0,0.514565,-0.13384600000000002,0.0
0.0,0.0,0.0,0.515293,-0.133866,0.0
0.0,0.0,0.0,0.516027,-0.133887,0.0
0.0,0.0,0.0,0.516765,-0.13390800000000003,0.0
0.0,0.0,0.0,0.5175080000000001,-0.133928,0.0
0.0,0.0,0.0,0.518255,-0.133949,0.0
0.0,0.0,0.0,0.519006,-0.13397,0.0
0.0,0.0,0.0,0.5197620000000001,-0.13399100000000003,0.0
0.0,0.0,0.0,0.520521,-0.13401200000000002,0.0
0.0,0.0,0.0,0.521285,-0.134033,0.0
0.0,0.0,0.0,0.522054,-0.134054,0.0
0.0,0.0,0.0,0.5228269999999999,-0.134075,0.0
0.0,0.0,0.0,0.523603,-0.134096,0.0
0.0,0.0,0.0,0.524384,-0.134116,0.0
0.0,0.0,0.0,0.525169,-0.134135,0.0
0.0,0.0,0.0,0.525957,-0.13415500000000002,0.0
0.0,0.0,0.0,0.52675,-0.13417600000000002,0.0
0.0,0.0,0.0,0.527547,-0.134195,0.0
0.0,0.0,0.0,0.528347,-0.134216,0.0
0.0,0.0,0.0,0.529152,-0.134235,0.0
0.0,0.0,0.0,0.529959,-0.134255,0.0
0.0,0.0,0.0,0.530771,-0.134276,0.0
0.0,0.0,0.0,0.531586,-0.134295,0.0
0.0,0.0,0.0,0.532406,-0.13431500000000002,0.0
0.0,0.0,0.0,0.533228,-0.134335,0.0
0.0,0.0,0.0,0.534054,-0.13435400000000003,0.0
0.0,0.0,0.0,0.534883,-0.134374,0.0
0.0,0.0,0.0,0.535716,-0.134394,0.0
0.0,0.0,0.0,0.536552,-0.134415,0.0
0.0,0.0,0.0,0.537392,-0.13443500000000003,0.0
0.0,0.0,0.0,0.538234,-0.134455,0.0
0.0,0.0,0.0,0.53908,-0.134475,0.0
0.0,0.0,0.0,0.539929,-0.134494,0.0
0.0,0.0,0.0,0.540781,-0.13451400000000002,0.0
0.0,0.0,0.0,0.5416369999999999,-0.134533,0.0
0.0,0.0,0.0,0.542495,-0.13455100000000003,0.0
0.0,0.0,0.0,0.5433570000000001,-0.13457000000000002,0.0
0.0,0.0,0.0,0.5442210000000001,-0.134588,0.0
0.0,0.0,0.0,0.545088,-0.134607,0.0
0.0,0.0,0.0,0.545958,-0.13462400000000002,0.0
0.0,0.0,0.0,0.546829,-0.134643,0.0
0.0,0.0,0.0,0.547705,-0.134662,0.0
0.0,0.0,0.0,0.548583,-0.134681,0.0
0.0,0.0,0.0,0.549463,-0.134699,0.0
0.0,0.0,0.0,0.550346,-0.13471700000000003,0.0
0.0,0.0,0.0,0.551232,-0.13473400000000002,0.0
0.0,0.0,0.0,0.55212,-0.134753,0.0
0.0,0.0,0.0,0.55301,-0.13477100000000003,0.0
0.0,0.0,0.0,0.553902,-0.134789,0.0
0.0,0.0,0.0,0.554797,-0.134806,0.0
0.0,0.0,0.0,0.555693,-0.13482300000000003,0.0
0.0,0.0,0.0,0.556592,-0.13484100000000002,0.0
0.0,0.0,0.0,0.557494,-0.134858,0.0
0.0,0.0,0.0,0.558397,-0.134876,0.0
0.0,0.0,0.0,0.559302,-0.134892,0.0
0.0,0.0,0.0,0.5602090000000001,-0.134909,0.0
0.0,0.0,0.0,0.561118,-0.13492700000000002,0.0
0.0,0.0,0.0,0.5620280000000001,-0.134943,0.0
0.0,0.0,0.0,0.5629409999999999,-0.134961,0.0
0.0,0.0,0.0,0.5638540000000001,-0.13497800000000001,0.0
0.0,0.0,0.0,0.56477,-0.134994,0.0
0.0,0.0,0.0,0.5656869999999999,-0.13501200000000002,0.0
0.0,0.0,0.0,0.5666049999999999,-0.135029,0.0
0.0,0.0,0.0,0.567525,-0.13504500000000003,0.0
0.0,0.0,0.0,0.568446,-0.13506100000000001,0.0
0.0,0.0,0.0,0.569369,-0.135077,0.0
0.0,0.0,0.0,0.5702940000000001,-0.13509300000000002,0.0
0.0,0.0,0.0,0.571218,-0.13511,0.0
0.0,0.0,0.0,0.572145,-0.13512600000000002,0.0
0.0,0.0,0.0,0.5730719999999999,-0.135141,0.0
0.0,0.0,0.0,0.574,-0.13515700000000003,0.0
0.0,0.0,0.0,0.5749299999999999,-0.13517300000000002,0.0
0.0,0.0,0.0,0.57586,-0.135189,0.0
0.0,0.0,0.0,0.57679,-0.135204,0.0
0.0,0.0,0.0,0.5777220000000001,-0.13522,0.0
0.0,0.0,0.0,0.5786549999999999,-0.135235,0.0
0.0,0.0,0.0,0.5795889999999999,-0.135251,0.0
0.0,0.0,0.0,0.580522,-0.135266,0.0
0.0,0.0,0.0,0.581457,-0.13528,0.0
0.0,0.0,0.0,0.582392,-0.135295,0.0
0.0,0.0,0.0,0.583326,-0.13531,0.0
0.0,0.0,0.0,0.5842620000000001,-0.13532500000000003,0.0
0.0,0.0,0.0,0.585198,-0.13534000000000002,0.0
0.0,0.0,0.0,0.586134,-0.13535400000000003,0.0
0.0,0.0,0.0,0.58707,-0.13536900000000002,0.0
0.0,0.0,0.0,0.588006,-0.13538300000000003,0.0
0.0,0.0,0.0,0.588943,-0.13539800000000002,0.0
0.0,0.0,0.0,0.58988,-0.135411,0.0
0.0,0.0,0.0,0.590816,-0.13542500000000002,0.0
0.0,0.0,0.0,0.591752,-0.13543900000000003,0.0
0.0,0.0,0.0,0.592688,-0.13545300000000002,0.0
0.0,0.0,0.0,0.593624,-0.13546600000000003,0.0
0.0,0.0,0.0,0.59456,-0.13547900000000002,0.0
0.0,0.0,0.0,0.595495,-0.135492,0.0
0.0,0.0,0.0,0.59643,-0.13550600000000002,0.0
0.0,0.0,0.0,0.597364,-0.13551800000000003,0.0
0.0,0.0,0.0,0.598298,-0.135531,0.0
0.0,0.0,0.0,0.599231,-0.13554500000000003,0.0
0.0,0.0,0.0,0.600164,-0.135559,0.0
0.0,0.0,0.0,0.6010949999999999,-0.135571,0.0
0.0,0.0,0.0,0.6020260000000001,-0.135583,0.0
0.0,0.0,0.0,0.602956,-0.13559700000000002,0.0
0.0,0.0,0.0,0.6038859999999999,-0.135608,0.0
0.0,0.0,0.0,0.604813,-0.13562000000000002,0.0
0.0,0.0,0.0,0.6057410000000001,-0.13563200000000003,0.0
0.0,0.0,0.0,0.6066659999999999,-0.13564500000000002,0.0
0.0,0.0,0.0,0.607592,-0.135656,0.0
0.0,0.0,0.0,0.608516,-0.135667,0.0
0.0,0.0,0.0,0.6094390000000001,-0.135679,0.0
0.0,0.0,0.0,0.6103590000000001,-0.13569,0.0
0.0,0.0,0.0,0.611279,-0.13570200000000002,0.0
0.0,0.0,0.0,0.612198,-0.135714,0.0
0.0,0.0,0.0,0.6131139999999999,-0.135726,0.0
0.0,0.0,0.0,0.614029,-0.135737,0.0
0.0,0.0,0.0,0.614943,-0.135748,0.0
0.0,0.0,0.0,0.615855,-0.13575900000000002,0.0
0.0,0.0,0.0,0.6167659999999999,-0.13577,0.0
0.0,0.0,0.0,0.6176729999999999,-0.135781,0.0
0.0,0.0,0.0,0.61858,-0.13579200000000002,0.0
0.0,0.0,0.0,0.619485,-0.135803,0.0
0.0,0.0,0.0,0.620388,-0.135814,0.0
0.0,0.0,0.0,0.621289,-0.13582500000000003,0.0
0.0,0.0,0.0,0.622187,-0.135834,0.0
0.0,0.0,0.0,0.623084,-0.135845,0.0
0.0,0.0,0.0,0.623978,-0.13585400000000003,0.0
0.0,0.0,0.0,0.6248699999999999,-0.135865,0.0
0.0,0.0,0.0,0.62576,-0.13587500000000002,0.0
0.0,0.0,0.0,0.626647,-0.135884,0.0
0.0,0.0,0.0,0.627532,-0.13589400000000001,0.0
0.0,0.0,0.0,0.628414,-0.13590400000000002,0.0
0.0,0.0,0.0,0.629294,-0.135914,0.0
0.0,0.0,0.0,0.630172,-0.13592400000000002,0.0
0.0,0.0,0.0,0.631047,-0.13593300000000003,0.0
0.0,0.0,0.0,0.631919,-0.135943,0.0
0.0,0.0,0.0,0.632788,-0.13595100000000002,0.0
0.0,0.0,0.0,0.6336539999999999,-0.13596000000000003,0.0
0.0,0.0,0.0,0.634519,-0.135968,0.0
0.0,0.0,0.0,0.635379,-0.135976,0.0
0.0,0.0,0.0,0.636238,-0.135984,0.0
0.0,0.0,0.0,0.637092,-0.13599300000000003,0.0
0.0,0.0,0.0,0.637944,-0.136001,0.0
0.0,0.0,0.0,0.638793,-0.136009,0.0
0.0,0.0,0.0,0.6396379999999999,-0.136017,0.0
0.0,0.0,0.0,0.6404810000000001,-0.136024,0.0
0.0,0.0,0.0,0.64132,-0.13603300000000002,0.0
0.0,0.0,0.0,0.642156,-0.13604100000000002,0.0
0.0,0.0,0.0,0.642988,-0.13604900000000003,0.0
0.0,0.0,0.0,0.643817,-0.136055,0.0
0.0,0.0,0.0,0.644643,-0.13606200000000002,0.0
0.0,0.0,0.0,0.6454650000000001,-0.13607000000000002,0.0
0.0,0.0,0.0,0.646284,-0.136077,0.0
0.0,0.0,0.0,0.647099,-0.136083,0.0
0.0,0.0,0.0,0.6479090000000001,-0.13609000000000002,0.0
0.0,0.0,0.0,0.648717,-0.13609700000000002,0.0
0.0,0.0,0.0,0.649521,-0.13610300000000003,0.0
0.0,0.0,0.0,0.65032,-0.136111,0.0
0.0,0.0,0.0,0.651117,-0.13611800000000002,0.0
0.0,0.0,0.0,0.651909,-0.13612400000000002,0.0
0.0,0.0,0.0,0.6526970000000001,-0.13613000000000003,0.0
0.0,0.0,0.0,0.653481,-0.136137,0.0
0.0,0.0,0.0,0.654261,-0.136142,0.0
0.0,0.0,0.0,0.655037,-0.136148,0.0
0.0,0.0,0.0,0.65581,-0.136154,0.0
0.0,0.0,0.0,0.656578,-0.136161,0.0
0.0,0.0,0.0,0.657341,-0.136166,0.0
0.0,0.0,0.0,0.658101,-0.13617100000000001,0.0
0.0,0.0,0.0,0.658856,-0.13617600000000002,0.0
0.0,0.0,0.0,0.6596069999999999,-0.136181,0.0
0.0,0.0,0.0,0.660353,-0.136187,0.0
0.0,0.0,0.0,0.661095,-0.136192,0.0
0.0,0.0,0.0,0.661833,-0.136198,0.0
0.0,0.0,0.0,0.662565,-0.13620200000000002,0.0
0.0,0.0,0.0,0.663294,-0.136208,0.0
0.0,0.0,0.0,0.664018,-0.136212,0.0
0.0,0.0,0.0,0.664737,-0.136218,0.0
0.0,0.0,0.0,0.665451,-0.136221,0.0
0.0,0.0,0.0,0.6661619999999999,-0.136226,0.0
0.0,0.0,0.0,0.6668670000000001,-0.13623000000000002,0.0
0.0,0.0,0.0,0.667568,-0.136235,0.0
0.0,0.0,0.0,0.6682629999999999,-0.13624000000000003,0.0
0.0,0.0,0.0,0.6689539999999999,-0.13624400000000003,0.0
0.0,0.0,0.0,0.6696390000000001,-0.136249,0.0
0.0,0.0,0.0,0.6703210000000001,-0.136253,0.0
0.0,0.0,0.0,0.6709970000000001,-0.13625700000000002,0.0
0.0,0.0,0.0,0.6716679999999999,-0.13625900000000002,0.0
0.0,0.0,0.0,0.672335,-0.13626300000000002,0.0
0.0,0.0,0.0,0.6729959999999999,-0.136266,0.0
0.0,0.0,0.0,0.6736519999999999,-0.136268,0.0
0.0,0.0,0.0,0.674303,-0.136272,0.0
0.0,0.0,0.0,0.674949,-0.136275,0.0
0.0,0.0,0.0,0.67559,-0.136277,0.0
0.0,0.0,0.0,0.676225,-0.13628,0.0
0.0,0.0,0.0,0.676856,-0.13628300000000002,0.0
0.0,0.0,0.0,0.67748,-0.136287,0.0
0.0,0.0,0.0,0.678101,-0.13629000000000002,0.0
0.0,0.0,0.0,0.6787150000000001,-0.13629200000000002,0.0
0.0,0.0,0.0,0.679324,-0.136295,0.0
0.0,0.0,0.0,0.679928,-0.136297,0.0
0.0,0.0,0.0,0.680527,-0.136299,0.0
0.0,0.0,0.0,0.681119,-0.136301,0.0
0.0,0.0,0.0,0.681707,-0.136304,0.0
0.0,0.0,0.0,0.6822889999999999,-0.136307,0.0
0.0,0.0,0.0,0.682866,-0.136309,0.0
0.0,0.0,0.0,0.683438,-0.13631000000000001,0.0
0.0,0.0,0.0,0.684003,-0.13631200000000002,0.0
0.0,0.0,0.0,0.6845640000000001,-0.136314,0.0
0.0,0.0,0.0,0.685119,-0.136316,0.0
0.0,0.0,0.0,0.685668,-0.13631700000000002,0.0
0.0,0.0,0.0,0.686211,-0.13631700000000002,0.0
0.0,0.0,0.0,0.686749,-0.136318,0.0
0.0,0.0,0.0,0.687282,-0.13631900000000002,0.0
0.0,0.0,0.0,0.687809,-0.13632,0.0
0.0,0.0,0.0,0.68833,-0.13632100000000003,0.0
0.0,0.0,0.0,0.6888449999999999,-0.13632300000000003,0.0
0.0,0.0,0.0,0.6893549999999999,-0.136324,0.0
0.0,0.0,0.0,0.689859,-0.136326,0.0
0.0,0.0,0.0,0.690358,-0.136326,0.0
0.0,0.0,0.0,0.69085,-0.136326,0.0
0.0,0.0,0.0,0.691338,-0.136326,0.0
0.0,0.0,0.0,0.691819,-0.136326,0.0
0.0,0.0,0.0,0.692295,-0.136326,0.0
0.0,0.0,0.0,0.6927639999999999,-0.136326,0.0
0.0,0.0,0.0,0.693228,-0.136326,0.0
0.0,0.0,0.0,0.6936869999999999,-0.136326,0.0
0.0,0.0,0.0,0.694139,-0.136326,0.0
0.0,0.0,0.0,0.6945859999999999,-0.136326,0.0
0.0,0.0,0.0,0.695027,-0.136326,0.0
0.0,0.0,0.0,0.695462,-0.136326,0.0
0.0,0.0,0.0,0.695892,-0.13632500000000003,0.0
0.0,0.0,0.0,0.696315,-0.136324,0.0
0.0,0.0,0.0,0.6967329999999999,-0.136326,0.0
0.0,0.0,0.0,0.697145,-0.136324,0.0
0.0,0.0,0.0,0.6975509999999999,-0.136326,0.0
0.0,0.0,0.0,0.697952,-0.136324,0.0
0.0,0.0,0.0,0.698346,-0.13632500000000003,0.0
0.0,0.0,0.0,0.698735,-0.13632300000000003,0.0
0.0,0.0,0.0,0.699118,-0.13632300000000003,0.0
0.0,0.0,0.0,0.699495,-0.13632300000000003,0.0
0.0,0.0,0.0,0.699867,-0.13632300000000003,0.0
0.0,0.0,0.0,0.700232,-0.136322,0.0
0.0,0.0,0.0,0.700593,-0.13632100000000003,0.0
0.0,0.0,0.0,0.700948,-0.13632,0.0
0.0,0.0,0.0,0.701296,-0.13631900000000002,0.0
0.0,0.0,0.0,0.701639,-0.13631700000000002,0.0
0.0,0.0,0.0,0.7019770000000001,-0.13631500000000002,0.0
0.0,0.0,0.0,0.702308,-0.136314,0.0
0.0,0.0,0.0,0.702634,-0.136314,0.0
0.0,0.0,0.0,0.7029540000000001,-0.13631300000000002,0.0
0.0,0.0,0.0,0.7032689999999999,-0.13631100000000002,0.0
0.0,0.0,0.0,0.703578,-0.13631000000000001,0.0
0.0,0.0,0.0,0.703881,-0.136308,0.0
0.0,0.0,0.0,0.704179,-0.136305,0.0
0.0,0.0,0.0,0.704471,-0.136303,0.0
0.0,0.0,0.0,0.704757,-0.136302,0.0
0.0,0.0,0.0,0.705039,-0.1363,0.0
0.0,0.0,0.0,0.705314,-0.13629800000000003,0.0
0.0,0.0,0.0,0.705584,-0.136295,0.0
0.0,0.0,0.0,0.7058490000000001,-0.136293,0.0
0.0,0.0,0.0,0.706107,-0.136291,0.0
0.0,0.0,0.0,0.7063609999999999,-0.136289,0.0
0.0,0.0,0.0,0.7066089999999999,-0.13628600000000002,0.0
0.0,0.0,0.0,0.706853,-0.13628400000000002,0.0
0.0,0.0,0.0,0.70709,-0.13628200000000001,0.0
0.0,0.0,0.0,0.707322,-0.13628,0.0
0.0,0.0,0.0,0.707549,-0.136277,0.0
0.0,0.0,0.0,0.70777,-0.136274,0.0
0.0,0.0,0.0,0.707987,-0.136273,0.0
0.0,0.0,0.0,0.708198,-0.13627100000000003,0.0
0.0,0.0,0.0,0.708405,-0.136268,0.0
0.0,0.0,0.0,0.7086049999999999,-0.13626500000000002,0.0
0.0,0.0,0.0,0.7088019999999999,-0.13626300000000002,0.0
0.0,0.0,0.0,0.708992,-0.13626,0.0
0.0,0.0,0.0,0.709179,-0.13625800000000002,0.0
0.0,0.0,0.0,0.709359,-0.13625400000000001,0.0
0.0,0.0,0.0,0.7095360000000001,-0.136253,0.0
0.0,0.0,0.0,0.7097060000000001,-0.13625,0.0
0.0,0.0,0.0,0.709873,-0.136247,0.0
0.0,0.0,0.0,0.7100339999999999,-0.13624400000000003,0.0
0.0,0.0,0.0,0.710191,-0.13624200000000003,0.0
0.0,0.0,0.0,0.710343,-0.136239,0.0
0.0,0.0,0.0,0.710491,-0.13623600000000002,0.0
0.0,0.0,0.0,0.7106330000000001,-0.13623200000000002,0.0
0.0,0.0,0.0,0.710771,-0.13623000000000002,0.0
0.0,0.0,0.0,0.710905,-0.13622700000000001,0.0
0.0,0.0,0.0,0.7110339999999999,-0.136223,0.0
0.0,0.0,0.0,0.71116,-0.136221,0.0
0.0,0.0,0.0,0.71128,-0.136218,0.0
0.0,0.0,0.0,0.7113970000000001,-0.136214,0.0
0.0,0.0,0.0,0.711508,-0.136212,0.0
0.0,0.0,0.0,0.711616,-0.13621,0.0
0.0,0.0,0.0,0.7117199999999999,-0.13620700000000002,0.0
0.0,0.0,0.0,0.71182,-0.13620300000000002,0.0
0.0,0.0,0.0,0.711915,-0.13620000000000002,0.0
0.0,0.0,0.0,0.712007,-0.136198,0.0
0.0,0.0,0.0,0.7120960000000001,-0.136194,0.0
0.0,0.0,0.0,0.712179,-0.136192,0.0
0.0,0.0,0.0,0.712259,-0.13619,0.0
0.0,0.0,0.0,0.7123360000000001,-0.13618600000000003,0.0
0.0,0.0,0.0,0.71241,-0.136183,0.0
0.0,0.0,0.0,0.712479,-0.13618000000000002,0.0
0.0,0.0,0.0,0.712546,-0.136177,0.0
0.0,0.0,0.0,0.712608,-0.13617400000000002,0.0
0.0,0.0,0.0,0.7126680000000001,-0.13617200000000002,0.0
0.0,0.0,0.0,0.712723,-0.13617,0.0
0.0,0.0,0.0,0.712777,-0.136166,0.0
0.0,0.0,0.0,0.712828,-0.136163,0.0
0.0,0.0,0.0,0.712874,-0.136161,0.0
0.0,0.0,0.0,0.7129179999999999,-0.136158,0.0
0.0,0.0,0.0,0.712959,-0.13615500000000003,0.0
0.0,0.0,0.0,0.712997,-0.13615300000000002,0.0
0.0,0.0,0.0,0.7130340000000001,-0.13615100000000002,0.0
0.0,0.0,0.0,0.713067,-0.136148,0.0
0.0,0.0,0.0,0.7130979999999999,-0.13614600000000002,0.0
0.0,0.0,0.0,0.7131259999999999,-0.13614300000000001,0.0
0.0,0.0,0.0,0.713152,-0.136141,0.0
0.0,0.0,0.0,0.713176,-0.136139,0.0
0.0,0.0,0.0,0.713198,-0.136136,0.0
0.0,0.0,0.0,0.713217,-0.136134,0.0
0.0,0.0,0.0,0.713234,-0.13613200000000003,0.0
0.0,0.0,0.0,0.71325,-0.13613000000000003,0.0
0.0,0.0,0.0,0.713264,-0.13612800000000003,0.0
0.0,0.0,0.0,0.713276,-0.13612600000000002,0.0
0.0,0.0,0.0,0.7132879999999999,-0.13612400000000002,0.0
0.0,0.0,0.0,0.7132959999999999,-0.13612200000000002,0.0
0.0,0.0,0.0,0.7133039999999999,-0.136121,0.0
0.0,0.0,0.0,0.713311,-0.13612000000000002,0.0
0.0,0.0,0.0,0.713317,-0.13611800000000002,0.0
0.0,0.0,0.0,0.713321,-0.13611600000000001,0.0
0.0,0.0,0.0,0.713325,-0.136114,0.0
0.0,0.0,0.0,0.713328,-0.136114,0.0
0.0,0.0,0.0,0.71333,-0.136113,0.0
0.0,0.0,0.0,0.713331,-0.136112,0.0
0.0,0.0,0.0,0.713331,-0.136111,0.0
0.0,0.0,0.0,0.713332,-0.13611,0.0
0.0,0.0,0.0,0.713333,-0.136109,0.0
0.0,0.0,0.0,0.713333,-0.136108,0.0
0.0,0.0,0.0,0.713333,-0.136107,0.0
0.0,0.0,0.0,0.713333,-0.136106,0.0
0.0,0.0,0.0,0.713333,-0.13610500000000003,0.0
0.0,0.0,0.0,0.713333,-0.136104,0.0
0.0,0.0,0.0,0.713333,-0.13610300000000003,0.0
0.0,0.0,0.0,0.713333,-0.136102,0.0
0.0,0.0,0.0,0.713333,-0.136101,0.0
0.0,0.0,0.0,0.713332,-0.1361,0.0
0.0,0.0,0.0,0.7133309999999999,-0.1361,0.0
0.0,0.0,0.0,0.7133309999999999,-0.13609699999999997,0.0
0.0,0.0,0.0,0.7133299999999999,-0.136094,0.0
0.0,0.0,0.0,0.713329,-0.13609,0.0
0.0,0.0,0.0,0.7133269999999999,-0.136085,0.0
0.0,0.0,0.0,0.713325,-0.136079,0.0
0.0,0.0,0.0,0.713324,-0.13607200000000003,0.0
0.0,0.0,0.0,0.713322,-0.136062,0.0
0.0,0.0,0.0,0.71332,-0.13605099999999998,0.0
0.0,0.0,0.0,0.7133179999999999,-0.136039,0.0
0.0,0.0,0.0,0.7133149999999999,-0.136025,0.0
0.0,0.0,0.0,0.713312,-0.136009,0.0
0.0,0.0,0.0,0.713309,-0.13599,0.0
0.0,0.0,0.0,0.713306,-0.13597,0.0
0.0,0.0,0.0,0.7133029999999999,-0.13594699999999998,0.0
0.0,0.0,0.0,0.7132989999999999,-0.13592100000000001,0.0
0.0,0.0,0.0,0.7132959999999999,-0.135891,0.0
0.0,0.0,0.0,0.7132919999999999,-0.135859,0.0
0.0,0.0,0.0,0.7132879999999999,-0.13582299999999997,0.0
0.0,0.0,0.0,0.7132839999999999,-0.13578400000000002,0.0
0.0,0.0,0.0,0.7132799999999999,-0.135743,0.0
0.0,0.0,0.0,0.713275,-0.135699,0.0
0.0,0.0,0.0,0.71327,-0.135649,0.0
0.0,0.0,0.0,0.7132649999999999,-0.135598,0.0
0.0,0.0,0.0,0.71326,-0.135542,0.0
0.0,0.0,0.0,0.713255,-0.135482,0.0
0.0,0.0,0.0,0.7132489999999999,-0.135416,0.0
0.0,0.0,0.0,0.713244,-0.135347,0.0
0.0,0.0,0.0,0.7132379999999999,-0.135273,0.0
0.0,0.0,0.0,0.713232,-0.13519599999999998,0.0
0.0,0.0,0.0,0.7132259999999999,-0.135114,0.0
0.0,0.0,0.0,0.71322,-0.135028,0.0
0.0,0.0,0.0,0.713213,-0.13493699999999997,0.0
0.0,0.0,0.0,0.7132069999999999,-0.13484000000000002,0.0
0.0,0.0,0.0,0.7132,-0.134739,0.0
0.0,0.0,0.0,0.713193,-0.134633,0.0
0.0,0.0,0.0,0.713186,-0.134521,0.0
0.0,0.0,0.0,0.713178,-0.13440400000000002,0.0
0.0,0.0,0.0,0.713171,-0.13427999999999998,0.0
0.0,0.0,0.0,0.7131639999999999,-0.13415,0.0
0.0,0.0,0.0,0.7131559999999999,-0.134016,0.0
0.0,0.0,0.0,0.7131489999999999,-0.13387700000000002,0.0
0.0,0.0,0.0,0.7131409999999999,-0.13373000000000002,0.0
0.0,0.0,0.0,0.7131329999999999,-0.133579,0.0
0.0,0.0,0.0,0.713125,-0.13342199999999999,0.0
0.0,0.0,0.0,0.713116,-0.133258,0.0
0.0,0.0,0.0,0.713108,-0.133087,0.0
0.0,0.0,0.0,0.7130989999999999,-0.132911,0.0
0.0,0.0,0.0,0.7130909999999999,-0.132728,0.0
0.0,0.0,0.0,0.713082,-0.132539,0.0
0.0,0.0,0.0,0.713073,-0.132342,0.0
0.0,0.0,0.0,0.7130639999999999,-0.132139,0.0
0.0,0.0,0.0,0.713055,-0.131931,0.0
0.0,0.0,0.0,0.713046,-0.131715,0.0
0.0,0.0,0.0,0.7130369999999999,-0.131492,0.0
0.0,0.0,0.0,0.713028,-0.131262,0.0
0.0,0.0,0.0,0.713019,-0.131026,0.0
0.0,0.0,0.0,0.713009,-0.13078299999999998,0.0
0.0,0.0,0.0,0.713,-0.13053199999999998,0.0
0.0,0.0,0.0,0.71299,-0.130273,0.0
0.0,0.0,0.0,0.71298,-0.130008,0.0
0.0,0.0,0.0,0.7129709999999999,-0.129736,0.0
0.0,0.0,0.0,0.712961,-0.129456,0.0
0.0,0.0,0.0,0.7129509999999999,-0.12916899999999998,0.0
0.0,0.0,0.0,0.7129409999999999,-0.128874,0.0
0.0,0.0,0.0,0.712931,-0.12857100000000002,0.0
0.0,0.0,0.0,0.7129209999999999,-0.12825999999999999,0.0
0.0,0.0,0.0,0.712912,-0.127942,0.0
0.0,0.0,0.0,0.712901,-0.127617,0.0
0.0,0.0,0.0,0.7128909999999999,-0.127284,0.0
0.0,0.0,0.0,0.712881,-0.126943,0.0
0.0,0.0,0.0,0.7128709999999999,-0.12659399999999998,0.0
0.0,0.0,0.0,0.712861,-0.126237,0.0
0.0,0.0,0.0,0.7128509999999999,-0.125873,0.0
0.0,0.0,0.0,0.712841,-0.125499,0.0
0.0,0.0,0.0,0.712831,-0.12511899999999998,0.0
0.0,0.0,0.0,0.7128209999999999,-0.124731,0.0
0.0,0.0,0.0,0.712811,-0.124334,0.0
0.0,0.0,0.0,0.7128,-0.12392800000000001,0.0
0.0,0.0,0.0,0.7127899999999999,-0.12351500000000001,0.0
0.0,0.0,0.0,0.71278,-0.12309400000000001,0.0
0.0,0.0,0.0,0.7127699999999999,-0.122664,0.0
0.0,0.0,0.0,0.71276,-0.122227,0.0
0.0,0.0,0.0,0.71275,-0.121782,0.0
0.0,0.0,0.0,0.7127399999999999,-0.12132799999999999,0.0
0.0,0.0,0.0,0.71273,-0.120866,0.0
0.0,0.0,0.0,0.7127199999999999,-0.12039499999999999,0.0
0.0,0.0,0.0,0.712711,-0.11991600000000001,0.0
0.0,0.0,0.0,0.7127009999999999,-0.11942899999999998,0.0
0.0,0.0,0.0,0.712691,-0.11893300000000001,0.0
0.0,0.0,0.0,0.7126809999999999,-0.118429,0.0
0.0,0.0,0.0,0.712672,-0.11791700000000001,0.0
0.0,0.0,0.0,0.7126619999999999,-0.117396,0.0
0.0,0.0,0.0,0.712653,-0.116865,0.0
0.0,0.0,0.0,0.7126439999999999,-0.116325,0.0
0.0,0.0,0.0,0.712634,-0.11577799999999999,0.0
0.0,0.0,0.0,0.712625,-0.11522299999999999,0.0
0.0,0.0,0.0,0.7126159999999999,-0.114658,0.0
0.0,0.0,0.0,0.712607,-0.11408599999999999,0.0
0.0,0.0,0.0,0.712599,-0.11350400000000001,0.0
0.0,0.0,0.0,0.71259,-0.11291400000000001,0.0
0.0,0.0,0.0,0.7125809999999999,-0.11231600000000001,0.0
0.0,0.0,0.0,0.7125729999999999,-0.111709,0.0
0.0,0.0,0.0,0.7125649999999999,-0.111093,0.0
0.0,0.0,0.0,0.712556,-0.11046900000000001,0.0
0.0,0.0,0.0,0.712548,-0.10983599999999999,0.0
0.0,0.0,0.0,0.71254,-0.109195,0.0
0.0,0.0,0.0,0.7125319999999999,-0.108546,0.0
0.0,0.0,0.0,0.712525,-0.10788800000000001,0.0
0.0,0.0,0.0,0.712517,-0.10722199999999998,0.0
0.0,0.0,0.0,0.71251,-0.10654699999999999,0.0
0.0,0.0,0.0,0.712503,-0.10586300000000001,0.0
0.0,0.0,0.0,0.7124959999999999,-0.10517100000000001,0.0
0.0,0.0,0.0,0.7124889999999999,-0.10447000000000001,0.0
0.0,0.0,0.0,0.712482,-0.10376099999999999,0.0
0.0,0.0,0.0,0.712476,-0.10304200000000001,0.0
0.0,0.0,0.0,0.7124689999999999,-0.102316,0.0
0.0,0.0,0.0,0.712463,-0.101581,0.0
0.0,0.0,0.0,0.7124569999999999,-0.10083800000000001,0.0
0.0,0.0,0.0,0.712452,-0.10008500000000001,0.0
0.0,0.0,0.0,0.7124459999999999,-0.099324,0.0
0.0,0.0,0.0,0.712441,-0.098555,0.0
0.0,0.0,0.0,0.7124349999999999,-0.097778,0.0
0.0,0.0,0.0,0.7124309999999999,-0.096992,0.0
0.0,0.0,0.0,0.712426,-0.096199,0.0
0.0,0.0,0.0,0.712421,-0.09539700000000001,0.0
0.0,0.0,0.0,0.712417,-0.094588,0.0
0.0,0.0,0.0,0.712413,-0.093769,0.0
0.0,0.0,0.0,0.712409,-0.09294200000000001,0.0
0.0,0.0,0.0,0.712405,-0.092107,0.0
0.0,0.0,0.0,0.712402,-0.09126299999999998,0.0
0.0,0.0,0.0,0.712399,-0.090413,0.0
0.0,0.0,0.0,0.7123959999999999,-0.089554,0.0
0.0,0.0,0.0,0.7123929999999999,-0.08868500000000001,0.0
0.0,0.0,0.0,0.712391,-0.08781000000000001,0.0
0.0,0.0,0.0,0.7123879999999999,-0.086926,0.0
0.0,0.0,0.0,0.712386,-0.086034,0.0
0.0,0.0,0.0,0.7123849999999999,-0.08513500000000002,0.0
0.0,0.0,0.0,0.712383,-0.08422800000000001,0.0
0.0,0.0,0.0,0.712382,-0.083313,0.0
0.0,0.0,0.0,0.7123809999999999,-0.08238900000000002,0.0
0.0,0.0,0.0,0.7123809999999999,-0.08145799999999999,0.0
0.0,0.0,0.0,0.71238,-0.080518,0.0
0.0,0.0,0.0,0.71238,-0.079571,0.0
0.0,0.0,0.0,0.71238,-0.078616,0.0
0.0,0.0,0.0,0.7123809999999999,-0.077654,0.0
0.0,0.0,0.0,0.7123809999999999,-0.076684,0.0
0.0,0.0,0.0,0.712382,-0.07570600000000001,0.0
0.0,0.0,0.0,0.712383,-0.07472199999999998,0.0
0.0,0.0,0.0,0.7123849999999999,-0.07373000000000002,0.0
0.0,0.0,0.0,0.712387,-0.07272899999999999,0.0
0.0,0.0,0.0,0.7123889999999999,-0.07172100000000001,0.0
0.0,0.0,0.0,0.712391,-0.070706,0.0
0.0,0.0,0.0,0.712394,-0.069684,0.0
0.0,0.0,0.0,0.712397,-0.068656,0.0
0.0,0.0,0.0,0.7123999999999999,-0.06761900000000001,0.0
0.0,0.0,0.0,0.7124029999999999,-0.066576,0.0
0.0,0.0,0.0,0.712407,-0.065526,0.0
0.0,0.0,0.0,0.7124109999999999,-0.064467,0.0
0.0,0.0,0.0,0.7124159999999999,-0.063402,0.0
0.0,0.0,0.0,0.7124199999999999,-0.062329999999999997,0.0
0.0,0.0,0.0,0.712425,-0.061251,0.0
0.0,0.0,0.0,0.7124299999999999,-0.060166,0.0
0.0,0.0,0.0,0.712436,-0.059073,0.0
0.0,0.0,0.0,0.7124419999999999,-0.057974,0.0
0.0,0.0,0.0,0.712448,-0.056868,0.0
0.0,0.0,0.0,0.7124539999999999,-0.055756,0.0
0.0,0.0,0.0,0.712461,-0.054636000000000004,0.0
0.0,0.0,0.0,0.712468,-0.05351,0.0
0.0,0.0,0.0,0.712475,-0.052379999999999996,0.0
0.0,0.0,0.0,0.712483,-0.051240999999999995,0.0
0.0,0.0,0.0,0.712491,-0.050096,0.0
0.0,0.0,0.0,0.712499,-0.048945,0.0
0.0,0.0,0.0,0.712507,-0.047789,0.0
0.0,0.0,0.0,0.7125159999999999,-0.046625,0.0
0.0,0.0,0.0,0.712525,-0.045457,0.0
0.0,0.0,0.0,0.712534,-0.044281,0.0
0.0,0.0,0.0,0.712544,-0.043101,0.0
0.0,0.0,0.0,0.7125539999999999,-0.04191399999999999,0.0
0.0,0.0,0.0,0.712564,-0.04072099999999999,0.0
0.0,0.0,0.0,0.712575,-0.039522,0.0
0.0,0.0,0.0,0.7125849999999999,-0.03831799999999999,0.0
0.0,0.0,0.0,0.712596,-0.03710700000000001,0.0
0.0,0.0,0.0,0.7126079999999999,-0.035892,0.0
0.0,0.0,0.0,0.7126189999999999,-0.03467,0.0
0.0,0.0,0.0,0.7126309999999999,-0.033442999999999994,0.0
0.0,0.0,0.0,0.7126429999999999,-0.032212,0.0
0.0,0.0,0.0,0.712656,-0.030974,0.0
0.0,0.0,0.0,0.712668,-0.029731999999999995,0.0
0.0,0.0,0.0,0.7126809999999999,-0.028485999999999997,0.0
0.0,0.0,0.0,0.7126939999999999,-0.027232999999999993,0.0
0.0,0.0,0.0,0.7127079999999999,-0.025976000000000006,0.0
0.0,0.0,0.0,0.712722,-0.024715000000000008,0.0
0.0,0.0,0.0,0.7127359999999999,-0.023449000000000005,0.0
0.0,0.0,0.0,0.71275,-0.022176999999999995,0.0
0.0,0.0,0.0,0.712765,-0.020900000000000002,0.0
0.0,0.0,0.0,0.7127789999999999,-0.01962,0.0
0.0,0.0,0.0,0.712795,-0.018334999999999997,0.0
0.0,0.0,0.0,0.7128099999999999,-0.017044999999999998,0.0
0.0,0.0,0.0,0.7128249999999999,-0.015751,0.0
0.0,0.0,0.0,0.712841,-0.014452,0.0
0.0,0.0,0.0,0.712857,-0.013149000000000001,0.0
0.0,0.0,0.0,0.712873,-0.011841999999999998,0.0
0.0,0.0,0.0,0.712889,-0.010530999999999999,0.0
0.0,0.0,0.0,0.7129059999999999,-0.009217000000000003,0.0
0.0,0.0,0.0,0.712923,-0.007897999999999995,0.0
0.0,0.0,0.0,0.7129399999999999,-0.0065749999999999975,0.0
0.0,0.0,0.0,0.712958,-0.005249999999999998,0.0
0.0,0.0,0.0,0.7129749999999999,-0.003922000000000002,0.0
0.0,0.0,0.0,0.712993,-0.002589000000000001,0.0
0.0,0.0,0.0,0.713011,-0.0012519999999999962,0.0
0.0,0.0,0.0,0.7130289999999999,8.800000000000474e-05,0.0
0.0,0.0,0.0,0.7130479999999999,0.0014310000000000017,0.0
0.0,0.0,0.0,0.7130669999999999,0.0027769999999999948,0.0
0.0,0.0,0.0,0.713085,0.004126999999999999,0.0
0.0,0.0,0.0,0.713104,0.005479000000000005,0.0
0.0,0.0,0.0,0.713123,0.006835000000000001,0.0
0.0,0.0,0.0,0.713143,0.008192999999999999,0.0
0.0,0.0,0.0,0.713162,0.009555000000000001,0.0
0.0,0.0,0.0,0.713182,0.010919000000000005,0.0
0.0,0.0,0.0,0.7132019999999999,0.012285999999999998,0.0
0.0,0.0,0.0,0.7132219999999999,0.013656000000000001,0.0
0.0,0.0,0.0,0.7132419999999999,0.015026999999999999,0.0
0.0,0.0,0.0,0.713262,0.016401,0.0
0.0,0.0,0.0,0.7132829999999999,0.017778,0.0
0.0,0.0,0.0,0.7133029999999999,0.019157,0.0
0.0,0.0,0.0,0.713324,0.020538,0.0
0.0,0.0,0.0,0.7133449999999999,0.021919,0.0
0.0,0.0,0.0,0.713366,0.023304999999999996,0.0
0.0,0.0,0.0,0.713387,0.02469,0.0
0.0,0.0,0.0,0.713409,0.026078,0.0
0.0,0.0,0.0,0.71343,0.027468,0.0
0.0,0.0,0.0,0.713452,0.028859000000000003,0.0
0.0,0.0,0.0,0.7134729999999999,0.030253000000000002,0.0
0.0,0.0,0.0,0.713495,0.031646,0.0
0.0,0.0,0.0,0.713517,0.033042,0.0
0.0,0.0,0.0,0.7135389999999999,0.034437999999999996,0.0
0.0,0.0,0.0,0.7135609999999999,0.035837,0.0
0.0,0.0,0.0,0.713583,0.037235,0.0
0.0,0.0,0.0,0.713606,0.038634,0.0
0.0,0.0,0.0,0.7136279999999999,0.040035,0.0
0.0,0.0,0.0,0.7136499999999999,0.041436999999999995,0.0
0.0,0.0,0.0,0.713673,0.042838,0.0
0.0,0.0,0.0,0.713695,0.04424,0.0
0.0,0.0,0.0,0.713718,0.045643,0.0
0.0,0.0,0.0,0.713741,0.047045000000000003,0.0
0.0,0.0,0.0,0.7137629999999999,0.048449,0.0
0.0,0.0,0.0,0.7137859999999999,0.049853,0.0
0.0,0.0,0.0,0.7138089999999999,0.051257,0.0
0.0,0.0,0.0,0.713831,0.052663,0.0
0.0,0.0,0.0,0.713854,0.054066,0.0
0.0,0.0,0.0,0.713877,0.055471,0.0
0.0,0.0,0.0,0.7139,0.056874,0.0
0.0,0.0,0.0,0.713923,0.058277999999999996,0.0
0.0,0.0,0.0,0.713946,0.05968,0.0
0.0,0.0,0.0,0.7139679999999999,0.061084,0.0
0.0,0.0,0.0,0.7139909999999999,0.062486,0.0
0.0,0.0,0.0,0.7140139999999999,0.063887,0.0
0.0,0.0,0.0,0.7140369999999999,0.065287,0.0
0.0,0.0,0.0,0.7140599999999999,0.066687,0.0
0.0,0.0,0.0,0.7140829999999999,0.068085,0.0
0.0,0.0,0.0,0.714105,0.069483,0.0
0.0,0.0,0.0,0.714128,0.07088,0.0
0.0,0.0,0.0,0.714151,0.072274,0.0
0.0,0.0,0.0,0.714174,0.073667,0.0
0.0,0.0,0.0,0.7141959999999999,0.075059,0.0
0.0,0.0,0.0,0.7142189999999999,0.076449,0.0
0.0,0.0,0.0,0.7142419999999999,0.07783899999999999,0.0
0.0,0.0,0.0,0.714264,0.07922499999999999,0.0
0.0,0.0,0.0,0.7142869999999999,0.080611,0.0
0.0,0.0,0.0,0.714309,0.08199500000000001,0.0
0.0,0.0,0.0,0.7143309999999999,0.083377,0.0
0.0,0.0,0.0,0.7143539999999999,0.084756,0.0
0.0,0.0,0.0,0.7143759999999999,0.08613299999999999,0.0
0.0,0.0,0.0,0.714399,0.087508,0.0
0.0,0.0,0.0,0.714421,0.088881,0.0
0.0,0.0,0.0,0.7144429999999999,0.090252,0.0
0.0,0.0,0.0,0.714464,0.09162000000000001,0.0
0.0,0.0,0.0,0.714486,0.092985,0.0
0.0,0.0,0.0,0.7145079999999999,0.094348,0.0
0.0,0.0,0.0,0.714529,0.09570799999999999,0.0
0.0,0.0,0.0,0.7145509999999999,0.097065,0.0
0.0,0.0,0.0,0.714572,0.098419,0.0
0.0,0.0,0.0,0.714594,0.099769,0.0
0.0,0.0,0.0,0.714615,0.101117,0.0
0.0,0.0,0.0,0.7146349999999999,0.102462,0.0
0.0,0.0,0.0,0.714656,0.103804,0.0
0.0,0.0,0.0,0.714677,0.105141,0.0
0.0,0.0,0.0,0.7146979999999999,0.106475,0.0
0.0,0.0,0.0,0.714719,0.107805,0.0
0.0,0.0,0.0,0.714739,0.109132,0.0
0.0,0.0,0.0,0.7147589999999999,0.110456,0.0
0.0,0.0,0.0,0.7147789999999999,0.11177500000000001,0.0
0.0,0.0,0.0,0.714799,0.11309,0.0
0.0,0.0,0.0,0.71482,0.114402,0.0
0.0,0.0,0.0,0.714839,0.11571,0.0
0.0,0.0,0.0,0.714858,0.117014,0.0
0.0,0.0,0.0,0.714877,0.118313,0.0
0.0,0.0,0.0,0.7148969999999999,0.11960799999999999,0.0
0.0,0.0,0.0,0.714916,0.120898,0.0
0.0,0.0,0.0,0.714934,0.122184,0.0
0.0,0.0,0.0,0.714953,0.123465,0.0
0.0,0.0,0.0,0.7149709999999999,0.12474199999999999,0.0
0.0,0.0,0.0,0.7149899999999999,0.126015,0.0
0.0,0.0,0.0,0.715008,0.127282,0.0
0.0,0.0,0.0,0.7150259999999999,0.128545,0.0
0.0,0.0,0.0,0.715043,0.129802,0.0
0.0,0.0,0.0,0.715061,0.131055,0.0
0.0,0.0,0.0,0.715078,0.132302,0.0
0.0,0.0,0.0,0.7150949999999999,0.133544,0.0
0.0,0.0,0.0,0.7151109999999999,0.134783,0.0
0.0,0.0,0.0,0.715128,0.136015,0.0
0.0,0.0,0.0,0.715144,0.137242,0.0
0.0,0.0,0.0,0.7151609999999999,0.138462,0.0
0.0,0.0,0.0,0.715177,0.139676,0.0
0.0,0.0,0.0,0.715193,0.140886,0.0
0.0,0.0,0.0,0.715208,0.14209,0.0
0.0,0.0,0.0,0.715224,0.143289,0.0
0.0,0.0,0.0,0.715239,0.144481,0.0
0.0,0.0,0.0,0.7152529999999999,0.145668,0.0
0.0,0.0,0.0,0.7152679999999999,0.146849,0.0
0.0,0.0,0.0,0.7152829999999999,0.148023,0.0
0.0,0.0,0.0,0.715297,0.149192,0.0
0.0,0.0,0.0,0.7153109999999999,0.150354,0.0
0.0,0.0,0.0,0.715324,0.151511,0.0
0.0,0.0,0.0,0.7153379999999999,0.152661,0.0
0.0,0.0,0.0,0.715351,0.153803,0.0
0.0,0.0,0.0,0.7153649999999999,0.15493800000000002,0.0
0.0,0.0,0.0,0.715378,0.156068,0.0
0.0,0.0,0.0,0.715391,0.157192,0.0
0.0,0.0,0.0,0.715403,0.158309,0.0
0.0,0.0,0.0,0.7154149999999999,0.159419,0.0
0.0,0.0,0.0,0.7154259999999999,0.160523,0.0
0.0,0.0,0.0,0.7154379999999999,0.16161999999999999,0.0
0.0,0.0,0.0,0.7154499999999999,0.16271000000000002,0.0
0.0,0.0,0.0,0.7154609999999999,0.163792,0.0
0.0,0.0,0.0,0.715472,0.16486800000000001,0.0
0.0,0.0,0.0,0.715482,0.165937,0.0
0.0,0.0,0.0,0.7154929999999999,0.166999,0.0
0.0,0.0,0.0,0.715502,0.168054,0.0
0.0,0.0,0.0,0.715513,0.1691,0.0
0.0,0.0,0.0,0.7155229999999999,0.170139,0.0
0.0,0.0,0.0,0.715532,0.171171,0.0
0.0,0.0,0.0,0.715541,0.17219700000000002,0.0
0.0,0.0,0.0,0.7155499999999999,0.173214,0.0
0.0,0.0,0.0,0.715559,0.17422500000000002,0.0
0.0,0.0,0.0,0.715567,0.17522700000000002,0.0
0.0,0.0,0.0,0.715576,0.17622100000000002,0.0
0.0,0.0,0.0,0.715584,0.177209,0.0
0.0,0.0,0.0,0.715591,0.17818900000000001,0.0
0.0,0.0,0.0,0.715599,0.17916100000000001,0.0
0.0,0.0,0.0,0.715606,0.180124,0.0
0.0,0.0,0.0,0.7156129999999999,0.181081,0.0
0.0,0.0,0.0,0.7156199999999999,0.182029,0.0
0.0,0.0,0.0,0.715627,0.18297000000000002,0.0
0.0,0.0,0.0,0.7156319999999999,0.183903,0.0
0.0,0.0,0.0,0.7156389999999999,0.18482700000000002,0.0
0.0,0.0,0.0,0.715644,0.185744,0.0
0.0,0.0,0.0,0.7156499999999999,0.186653,0.0
0.0,0.0,0.0,0.715654,0.187553,0.0
0.0,0.0,0.0,0.71566,0.188445,0.0
0.0,0.0,0.0,0.715664,0.189329,0.0
0.0,0.0,0.0,0.715669,0.190205,0.0
0.0,0.0,0.0,0.715673,0.191072,0.0
0.0,0.0,0.0,0.7156769999999999,0.191932,0.0
0.0,0.0,0.0,0.715681,0.192784,0.0
0.0,0.0,0.0,0.715684,0.193628,0.0
0.0,0.0,0.0,0.715687,0.194461,0.0
0.0,0.0,0.0,0.7156899999999999,0.19528600000000002,0.0
0.0,0.0,0.0,0.7156929999999999,0.196104,0.0
0.0,0.0,0.0,0.715696,0.196913,0.0
0.0,0.0,0.0,0.715698,0.19771500000000003,0.0
0.0,0.0,0.0,0.7157,0.198507,0.0
0.0,0.0,0.0,0.7157009999999999,0.199291,0.0
0.0,0.0,0.0,0.715703,0.200066,0.0
0.0,0.0,0.0,0.7157039999999999,0.200833,0.0
0.0,0.0,0.0,0.715706,0.201591,0.0
0.0,0.0,0.0,0.715707,0.20234,0.0
0.0,0.0,0.0,0.715707,0.20308099999999998,0.0
0.0,0.0,0.0,0.715707,0.203814,0.0
0.0,0.0,0.0,0.715707,0.204538,0.0
0.0,0.0,0.0,0.715707,0.205253,0.0
0.0,0.0,0.0,0.715707,0.20596,0.0
0.0,0.0,0.0,0.715706,0.206658,0.0
0.0,0.0,0.0,0.715706,0.207346,0.0
0.0,0.0,0.0,0.7157049999999999,0.208025,0.0
0.0,0.0,0.0,0.7157039999999999,0.208696,0.0
0.0,0.0,0.0,0.715703,0.209358,0.0
0.0,0.0,0.0,0.7157009999999999,0.210013,0.0
0.0,0.0,0.0,0.7157,0.21065699999999998,0.0
0.0,0.0,0.0,0.715698,0.21129399999999998,0.0
0.0,0.0,0.0,0.715696,0.211922,0.0
0.0,0.0,0.0,0.7156929999999999,0.212542,0.0
0.0,0.0,0.0,0.715691,0.213152,0.0
0.0,0.0,0.0,0.715688,0.21375300000000003,0.0
0.0,0.0,0.0,0.7156849999999999,0.21434699999999998,0.0
0.0,0.0,0.0,0.7156819999999999,0.214931,0.0
0.0,0.0,0.0,0.715679,0.21550599999999998,0.0
0.0,0.0,0.0,0.715676,0.216073,0.0
0.0,0.0,0.0,0.715672,0.216631,0.0
0.0,0.0,0.0,0.715669,0.21717999999999998,0.0
0.0,0.0,0.0,0.715665,0.217721,0.0
0.0,0.0,0.0,0.715661,0.218252,0.0
0.0,0.0,0.0,0.715657,0.218776,0.0
0.0,0.0,0.0,0.715652,0.21929200000000001,0.0
0.0,0.0,0.0,0.7156469999999999,0.21979900000000002,0.0
0.0,0.0,0.0,0.7156419999999999,0.220296,0.0
0.0,0.0,0.0,0.715637,0.220785,0.0
0.0,0.0,0.0,0.7156319999999999,0.221267,0.0
0.0,0.0,0.0,0.715627,0.22173900000000002,0.0
0.0,0.0,0.0,0.715621,0.222203,0.0
0.0,0.0,0.0,0.7156159999999999,0.222658,0.0
0.0,0.0,0.0,0.71561,0.223105,0.0
0.0,0.0,0.0,0.7156049999999999,0.223542,0.0
0.0,0.0,0.0,0.715599,0.223973,0.0
0.0,0.0,0.0,0.7155929999999999,0.224394,0.0
0.0,0.0,0.0,0.715587,0.224808,0.0
0.0,0.0,0.0,0.71558,0.225214,0.0
0.0,0.0,0.0,0.7155739999999999,0.22561,0.0
0.0,0.0,0.0,0.715568,0.22599799999999998,0.0
0.0,0.0,0.0,0.7155609999999999,0.226379,0.0
0.0,0.0,0.0,0.7155549999999999,0.22675199999999998,0.0
0.0,0.0,0.0,0.715548,0.22711599999999998,0.0
0.0,0.0,0.0,0.715541,0.227473,0.0
0.0,0.0,0.0,0.7155339999999999,0.227821,0.0
0.0,0.0,0.0,0.7155269999999999,0.228161,0.0
0.0,0.0,0.0,0.7155199999999999,0.228493,0.0
0.0,0.0,0.0,0.715513,0.228817,0.0
0.0,0.0,0.0,0.715506,0.22913299999999998,0.0
0.0,0.0,0.0,0.715499,0.229442,0.0
0.0,0.0,0.0,0.7154919999999999,0.229743,0.0
0.0,0.0,0.0,0.715484,0.230037,0.0
0.0,0.0,0.0,0.7154769999999999,0.230324,0.0
0.0,0.0,0.0,0.7154689999999999,0.230603,0.0
0.0,0.0,0.0,0.7154619999999999,0.230875,0.0
0.0,0.0,0.0,0.7154539999999999,0.231139,0.0
0.0,0.0,0.0,0.7154459999999999,0.231396,0.0
0.0,0.0,0.0,0.7154379999999999,0.23164600000000002,0.0
0.0,0.0,0.0,0.71543,0.231888,0.0
0.0,0.0,0.0,0.7154229999999999,0.232123,0.0
0.0,0.0,0.0,0.7154149999999999,0.232352,0.0
0.0,0.0,0.0,0.7154069999999999,0.232574,0.0
0.0,0.0,0.0,0.7153989999999999,0.232788,0.0
0.0,0.0,0.0,0.715391,0.23299599999999998,0.0
0.0,0.0,0.0,0.715383,0.23319700000000002,0.0
0.0,0.0,0.0,0.715375,0.233391,0.0
0.0,0.0,0.0,0.715368,0.233578,0.0
0.0,0.0,0.0,0.71536,0.233759,0.0
0.0,0.0,0.0,0.715352,0.233933,0.0
0.0,0.0,0.0,0.715344,0.234102,0.0
0.0,0.0,0.0,0.7153369999999999,0.234263,0.0
0.0,0.0,0.0,0.715329,0.234419,0.0
0.0,0.0,0.0,0.715322,0.234568,0.0
0.0,0.0,0.0,0.715314,0.234712,0.0
0.0,0.0,0.0,0.7153069999999999,0.234851,0.0
0.0,0.0,0.0,0.7152999999999999,0.234982,0.0
0.0,0.0,0.0,0.7152919999999999,0.23510799999999998,0.0
0.0,0.0,0.0,0.715285,0.235228,0.0
0.0,0.0,0.0,0.715278,0.235344,0.0
0.0,0.0,0.0,0.715271,0.235455,0.0
0.0,0.0,0.0,0.7152639999999999,0.235559,0.0
0.0,0.0,0.0,0.7152559999999999,0.235659,0.0
0.0,0.0,0.0,0.7152499999999999,0.235755,0.0
0.0,0.0,0.0,0.7152419999999999,0.235845,0.0
0.0,0.0,0.0,0.715236,0.23593,0.0
0.0,0.0,0.0,0.7152289999999999,0.23601099999999997,0.0
0.0,0.0,0.0,0.7152219999999999,0.236088,0.0
0.0,0.0,0.0,0.7152149999999999,0.236159,0.0
0.0,0.0,0.0,0.715209,0.236226,0.0
0.0,0.0,0.0,0.7152029999999999,0.236289,0.0
0.0,0.0,0.0,0.715197,0.236347,0.0
0.0,0.0,0.0,0.7151919999999999,0.2364,0.0
0.0,0.0,0.0,0.715186,0.236451,0.0
0.0,0.0,0.0,0.715181,0.23649799999999999,0.0
0.0,0.0,0.0,0.7151759999999999,0.23654,0.0
0.0,0.0,0.0,0.71517,0.23658099999999999,0.0
0.0,0.0,0.0,0.715166,0.236616,0.0
0.0,0.0,0.0,0.7151609999999999,0.23665,0.0
0.0,0.0,0.0,0.7151569999999999,0.23668,0.0
0.0,0.0,0.0,0.715152,0.236707,0.0
0.0,0.0,0.0,0.7151479999999999,0.236732,0.0
0.0,0.0,0.0,0.715144,0.23675400000000002,0.0
0.0,0.0,0.0,0.7151409999999999,0.23677299999999998,0.0
0.0,0.0,0.0,0.7151369999999999,0.23679,0.0
0.0,0.0,0.0,0.7151339999999999,0.236805,0.0
0.0,0.0,0.0,0.715131,0.236818,0.0
0.0,0.0,0.0,0.715128,0.23683,0.0
0.0,0.0,0.0,0.715125,0.23684100000000002,0.0
0.0,0.0,0.0,0.7151219999999999,0.23685,0.0
0.0,0.0,0.0,0.71512,0.236857,0.0
0.0,0.0,0.0,0.715119,0.23686200000000002,0.0
